TEAM 1,TEAM 2,DIVISION,DATE,TIME,COURT,REF
E-01,E-03,ELITE,Aug 21 26,7:00 PM,4,2
E-03,E-02,ELITE,Aug 21 26,7:45 PM,4,1
E-01,E-02,ELITE,Aug 21 26,8:30 PM,4,3
E-05,E-06,ELITE,Aug 21 26,9:15 PM,4,4
E-06,E-04,ELITE,Aug 21 26,10:00 PM,4,5
E-05,E-04,ELITE,Aug 21 26,10:45 PM,4,6
P-05,P-04,POWER,Aug 21 26,7:00 PM,2,6
P-04,P-06,POWER,Aug 21 26,7:45 PM,2,5
P-05,P-06,POWER,Aug 21 26,8:30 PM,2,4
P-08,P-07,POWER,Aug 21 26,7:00 PM,3,9
P-07,P-09,POWER,Aug 21 26,7:45 PM,3,8
P-08,P-09,POWER,Aug 21 26,8:30 PM,3,7
P-02,P-01,POWER,Aug 21 26,9:15 PM,3,3
P-01,P-03,POWER,Aug 21 26,10:00 PM,3,2
P-02,P-03,POWER,Aug 21 26,10:45 PM,3,1
A-09,A-08,ADVANCED,Aug 21 26,7:00 PM,1,7
A-08,A-07,ADVANCED,Aug 21 26,7:45 PM,1,9
A-09,A-07,ADVANCED,Aug 21 26,8:30 PM,1,8
A-17,A-16,ADVANCED,Aug 21 26,9:15 PM,1,18
A-16,A-18,ADVANCED,Aug 21 26,10:00 PM,1,17
A-17,A-18,ADVANCED,Aug 21 26,10:45 PM,1,16
S-09,S-08,SKILLED,Aug 21 26,7:00 PM,5,7
S-08,S-07,SKILLED,Aug 21 26,7:45 PM,5,9
S-09,S-07,SKILLED,Aug 21 26,8:30 PM,5,8
S-17,S-16,SKILLED,Aug 21 26,9:15 PM,5,18
S-16,S-18,SKILLED,Aug 21 26,10:00 PM,5,17
S-17,S-18,SKILLED,Aug 21 26,10:45 PM,5,16
S-02,S-01,SKILLED,Aug 21 26,7:00 PM,6,3
S-01,S-03,SKILLED,Aug 21 26,7:45 PM,6,2
S-02,S-03,SKILLED,Aug 21 26,8:30 PM,6,1
S-11,S-12,SKILLED,Aug 21 26,9:15 PM,6,10
S-12,S-10,SKILLED,Aug 21 26,10:00 PM,6,11
S-11,S-10,SKILLED,Aug 21 26,10:45 PM,6,12
A-02,A-01,ADVANCED,Aug 21 26,7:00 PM,7,3
A-01,A-03,ADVANCED,Aug 21 26,7:45 PM,7,2
A-02,A-03,ADVANCED,Aug 21 26,8:30 PM,7,1
A-11,A-12,ADVANCED,Aug 21 26,9:15 PM,7,10
A-12,A-10,ADVANCED,Aug 21 26,10:00 PM,7,11
A-11,A-10,ADVANCED,Aug 21 26,10:45 PM,7,12
A-06,A-05,ADVANCED,Aug 21 26,7:00 PM,8,4
A-05,A-04,ADVANCED,Aug 21 26,7:45 PM,8,6
A-06,A-04,ADVANCED,Aug 21 26,8:30 PM,8,5
A-15,A-13,ADVANCED,Aug 21 26,9:15 PM,8,14
A-13,A-14,ADVANCED,Aug 21 26,10:00 PM,8,15
A-15,A-14,ADVANCED,Aug 21 26,10:45 PM,8,13
C-09,C-08,COMPETITIVE,Aug 21 26,7:00 PM,9,7
C-08,C-07,COMPETITIVE,Aug 21 26,7:45 PM,9,9
C-09,C-07,COMPETITIVE,Aug 21 26,8:30 PM,9,8
C-17,C-16,COMPETITIVE,Aug 21 26,9:15 PM,9,18
C-16,C-18,COMPETITIVE,Aug 21 26,10:00 PM,9,17
C-17,C-18,COMPETITIVE,Aug 21 26,10:45 PM,9,16
C-02,C-01,COMPETITIVE,Aug 21 26,7:00 PM,10,3
C-01,C-03,COMPETITIVE,Aug 21 26,7:45 PM,10,2
C-02,C-03,COMPETITIVE,Aug 21 26,8:30 PM,10,1
C-11,C-12,COMPETITIVE,Aug 21 26,9:15 PM,10,10
C-12,C-10,COMPETITIVE,Aug 21 26,10:00 PM,10,11
C-11,C-10,COMPETITIVE,Aug 21 26,10:45 PM,10,12
C-06,C-05,COMPETITIVE,Aug 21 26,7:00 PM,11,4
C-05,C-04,COMPETITIVE,Aug 21 26,7:45 PM,11,6
C-06,C-04,COMPETITIVE,Aug 21 26,8:30 PM,11,5
C-15,C-13,COMPETITIVE,Aug 21 26,9:15 PM,11,14
C-13,C-14,COMPETITIVE,Aug 21 26,10:00 PM,11,15
C-15,C-14,COMPETITIVE,Aug 21 26,10:45 PM,11,13
S-06,S-05,SKILLED,Aug 21 26,7:00 PM,12,4
S-05,S-04,SKILLED,Aug 21 26,7:45 PM,12,6
S-06,S-04,SKILLED,Aug 21 26,8:30 PM,12,5
S-15,S-13,SKILLED,Aug 21 26,9:15 PM,12,14
S-13,S-14,SKILLED,Aug 21 26,10:00 PM,12,15
S-15,S-14,SKILLED,Aug 21 26,10:45 PM,12,13
I-13,I-13,INTERMEDIATE,Aug 21 26,7:00 PM,13,I6
I-12,I-12,INTERMEDIATE,Aug 21 26,7:45 PM,13,I13
I-13,I-13,INTERMEDIATE,Aug 21 26,8:30 PM,13,I12
I-10,I-10,INTERMEDIATE,Aug 21 26,9:15 PM,13,I5
I-09,I-09,INTERMEDIATE,Aug 21 26,10:00 PM,13,I10
I-10,I-10,INTERMEDIATE,Aug 21 26,10:45 PM,13,I9
I-07,I-07,INTERMEDIATE,Aug 21 26,7:00 PM,14,I11
I-15,I-15,INTERMEDIATE,Aug 21 26,7:45 PM,14,I7
I-07,I-07,INTERMEDIATE,Aug 21 26,8:30 PM,14,I15
I-08,I-08,INTERMEDIATE,Aug 21 26,9:15 PM,14,I4
I-14,I-14,INTERMEDIATE,Aug 21 26,10:00 PM,14,I8
I-08,I-08,INTERMEDIATE,Aug 21 26,10:45 PM,14,I14
R-05,R-04,RECREATIONAL,Aug 21 26,7:00 PM,15,6
R-04,R-06,RECREATIONAL,Aug 21 26,7:45 PM,15,5
R-05,R-06,RECREATIONAL,Aug 21 26,8:30 PM,15,4
I-01,I-01,INTERMEDIATE,Aug 21 26,9:15 PM,15,I3
I-02,I-02,INTERMEDIATE,Aug 21 26,10:00 PM,15,I1
I-01,I-01,INTERMEDIATE,Aug 21 26,10:45 PM,15,I2
R-08,R-07,RECREATIONAL,Aug 21 26,7:00 PM,16,9
R-07,R-09,RECREATIONAL,Aug 21 26,7:45 PM,16,8
R-08,R-09,RECREATIONAL,Aug 21 26,8:30 PM,16,7
R-02,R-01,RECREATIONAL,Aug 21 26,9:15 PM,16,3
R-01,R-03,RECREATIONAL,Aug 21 26,10:00 PM,16,2
R-02,R-03,RECREATIONAL,Aug 21 26,10:45 PM,16,1
E-05,E-06,ELITE,Aug 28 26,7:00 PM,4,1
E-06,E-01,ELITE,Aug 28 26,7:45 PM,4,5
E-05,E-01,ELITE,Aug 28 26,8:30 PM,4,6
E-03,E-04,ELITE,Aug 28 26,9:15 PM,4,2
E-04,E-02,ELITE,Aug 28 26,10:00 PM,4,3
E-03,E-02,ELITE,Aug 28 26,10:45 PM,4,4
P-06,P-03,POWER,Aug 28 26,9:15 PM,2,9
P-03,P-09,POWER,Aug 28 26,10:00 PM,2,6
P-06,P-09,POWER,Aug 28 26,10:45 PM,2,3
P-04,P-01,POWER,Aug 28 26,7:00 PM,3,7
P-01,P-07,POWER,Aug 28 26,7:45 PM,3,4
P-04,P-07,POWER,Aug 28 26,8:30 PM,3,1
P-05,P-02,POWER,Aug 28 26,9:15 PM,3,8
P-02,P-08,POWER,Aug 28 26,10:00 PM,3,5
P-05,P-08,POWER,Aug 28 26,10:45 PM,3,2
A-17,A-11,ADVANCED,Aug 28 26,7:00 PM,1,14
A-11,A-14,ADVANCED,Aug 28 26,7:45 PM,1,17
A-17,A-14,ADVANCED,Aug 28 26,8:30 PM,1,11
A-03,A-06,ADVANCED,Aug 28 26,9:15 PM,1,9
A-06,A-09,ADVANCED,Aug 28 26,10:00 PM,1,3
A-03,A-09,ADVANCED,Aug 28 26,10:45 PM,1,6
S-17,S-11,SKILLED,Aug 28 26,7:00 PM,5,14
S-11,S-14,SKILLED,Aug 28 26,7:45 PM,5,17
S-17,S-14,SKILLED,Aug 28 26,8:30 PM,5,11
S-03,S-06,SKILLED,Aug 28 26,9:15 PM,5,9
S-06,S-09,SKILLED,Aug 28 26,10:00 PM,5,3
S-03,S-09,SKILLED,Aug 28 26,10:45 PM,5,6
S-18,S-12,SKILLED,Aug 28 26,7:00 PM,6,15
S-12,S-15,SKILLED,Aug 28 26,7:45 PM,6,18
S-18,S-15,SKILLED,Aug 28 26,8:30 PM,6,12
S-04,S-01,SKILLED,Aug 28 26,9:15 PM,6,7
S-01,S-07,SKILLED,Aug 28 26,10:00 PM,6,4
S-04,S-07,SKILLED,Aug 28 26,10:45 PM,6,1
A-18,A-12,ADVANCED,Aug 28 26,7:00 PM,7,15
A-12,A-15,ADVANCED,Aug 28 26,7:45 PM,7,18
A-18,A-15,ADVANCED,Aug 28 26,8:30 PM,7,12
A-04,A-01,ADVANCED,Aug 28 26,9:15 PM,7,7
A-01,A-07,ADVANCED,Aug 28 26,10:00 PM,7,4
A-04,A-07,ADVANCED,Aug 28 26,10:45 PM,7,1
A-13,A-10,ADVANCED,Aug 28 26,7:00 PM,8,16
A-10,A-16,ADVANCED,Aug 28 26,7:45 PM,8,13
A-13,A-16,ADVANCED,Aug 28 26,8:30 PM,8,10
A-05,A-02,ADVANCED,Aug 28 26,9:15 PM,8,8
A-02,A-08,ADVANCED,Aug 28 26,10:00 PM,8,5
A-05,A-08,ADVANCED,Aug 28 26,10:45 PM,8,2
C-17,C-11,COMPETITIVE,Aug 28 26,7:00 PM,9,14
C-11,C-14,COMPETITIVE,Aug 28 26,7:45 PM,9,17
C-17,C-14,COMPETITIVE,Aug 28 26,8:30 PM,9,11
C-03,C-06,COMPETITIVE,Aug 28 26,9:15 PM,9,9
C-06,C-09,COMPETITIVE,Aug 28 26,10:00 PM,9,3
C-03,C-09,COMPETITIVE,Aug 28 26,10:45 PM,9,6
C-18,C-12,COMPETITIVE,Aug 28 26,7:00 PM,10,15
C-12,C-15,COMPETITIVE,Aug 28 26,7:45 PM,10,18
C-18,C-15,COMPETITIVE,Aug 28 26,8:30 PM,10,12
C-04,C-01,COMPETITIVE,Aug 28 26,9:15 PM,10,7
C-01,C-07,COMPETITIVE,Aug 28 26,10:00 PM,10,4
C-04,C-07,COMPETITIVE,Aug 28 26,10:45 PM,10,1
C-13,C-10,COMPETITIVE,Aug 28 26,7:00 PM,11,16
C-10,C-16,COMPETITIVE,Aug 28 26,7:45 PM,11,13
C-13,C-16,COMPETITIVE,Aug 28 26,8:30 PM,11,10
C-05,C-02,COMPETITIVE,Aug 28 26,9:15 PM,11,8
C-02,C-08,COMPETITIVE,Aug 28 26,10:00 PM,11,5
C-05,C-08,COMPETITIVE,Aug 28 26,10:45 PM,11,2
S-13,S-10,SKILLED,Aug 28 26,7:00 PM,12,16
S-10,S-16,SKILLED,Aug 28 26,7:45 PM,12,13
S-13,S-16,SKILLED,Aug 28 26,8:30 PM,12,10
S-05,S-02,SKILLED,Aug 28 26,9:15 PM,12,8
S-02,S-08,SKILLED,Aug 28 26,10:00 PM,12,5
S-05,S-08,SKILLED,Aug 28 26,10:45 PM,12,2
I-08,I-08,INTERMEDIATE,Aug 28 26,7:00 PM,13,I2
I-11,I-11,INTERMEDIATE,Aug 28 26,7:45 PM,13,I8
I-08,I-08,INTERMEDIATE,Aug 28 26,8:30 PM,13,I11
I-12,I-12,INTERMEDIATE,Aug 28 26,9:15 PM,13,I1
I-15,I-15,INTERMEDIATE,Aug 28 26,10:00 PM,13,I12
I-12,I-12,INTERMEDIATE,Aug 28 26,10:45 PM,13,I15
I-04,I-04,INTERMEDIATE,Aug 28 26,7:00 PM,14,I6
I-10,I-10,INTERMEDIATE,Aug 28 26,7:45 PM,14,I4
I-04,I-04,INTERMEDIATE,Aug 28 26,8:30 PM,14,I10
I-05,I-05,INTERMEDIATE,Aug 28 26,9:15 PM,14,I7
I-13,I-13,INTERMEDIATE,Aug 28 26,10:00 PM,14,I5
I-05,I-05,INTERMEDIATE,Aug 28 26,10:45 PM,14,I13
I-03,I-03,INTERMEDIATE,Aug 28 26,7:00 PM,15,I9
I-14,I-14,INTERMEDIATE,Aug 28 26,7:45 PM,15,I3
I-03,I-03,INTERMEDIATE,Aug 28 26,8:30 PM,15,I14
R-06,R-03,RECREATIONAL,Aug 28 26,9:15 PM,15,9
R-03,R-09,RECREATIONAL,Aug 28 26,10:00 PM,15,6
R-06,R-09,RECREATIONAL,Aug 28 26,10:45 PM,15,3
R-04,R-01,RECREATIONAL,Aug 28 26,7:00 PM,16,7
R-01,R-07,RECREATIONAL,Aug 28 26,7:45 PM,16,4
R-04,R-07,RECREATIONAL,Aug 28 26,8:30 PM,16,1
R-05,R-02,RECREATIONAL,Aug 28 26,9:15 PM,16,8
R-02,R-08,RECREATIONAL,Aug 28 26,10:00 PM,16,5
R-05,R-08,RECREATIONAL,Aug 28 26,10:45 PM,16,2
E-06,E-04,ELITE,Sep 11 26,7:00 PM,4,1
E-04,E-01,ELITE,Sep 11 26,7:45 PM,4,6
E-06,E-01,ELITE,Sep 11 26,8:30 PM,4,4
E-03,E-05,ELITE,Sep 11 26,9:15 PM,4,2
E-05,E-02,ELITE,Sep 11 26,10:00 PM,4,3
E-03,E-02,ELITE,Sep 11 26,10:45 PM,4,5
P-06,P-02,POWER,Sep 11 26,7:00 PM,2,7
P-02,P-07,POWER,Sep 11 26,7:45 PM,2,6
P-06,P-07,POWER,Sep 11 26,8:30 PM,2,2
P-04,P-03,POWER,Sep 11 26,7:00 PM,3,8
P-03,P-08,POWER,Sep 11 26,7:45 PM,3,4
P-04,P-08,POWER,Sep 11 26,8:30 PM,3,3
P-05,P-01,POWER,Sep 11 26,9:15 PM,3,9
P-01,P-09,POWER,Sep 11 26,10:00 PM,3,5
P-05,P-09,POWER,Sep 11 26,10:45 PM,3,1
A-02,A-07,ADVANCED,Sep 11 26,7:00 PM,1,6
A-07,A-06,ADVANCED,Sep 11 26,7:45 PM,1,2
A-02,A-06,ADVANCED,Sep 11 26,8:30 PM,1,7
A-11,A-16,ADVANCED,Sep 11 26,9:15 PM,1,15
A-16,A-15,ADVANCED,Sep 11 26,10:00 PM,1,11
A-11,A-15,ADVANCED,Sep 11 26,10:45 PM,1,16
S-02,S-07,SKILLED,Sep 11 26,7:00 PM,5,6
S-07,S-06,SKILLED,Sep 11 26,7:45 PM,5,2
S-02,S-06,SKILLED,Sep 11 26,8:30 PM,5,7
S-11,S-16,SKILLED,Sep 11 26,9:15 PM,5,15
S-16,S-15,SKILLED,Sep 11 26,10:00 PM,5,11
S-11,S-15,SKILLED,Sep 11 26,10:45 PM,5,16
S-01,S-05,SKILLED,Sep 11 26,7:00 PM,6,9
S-05,S-09,SKILLED,Sep 11 26,7:45 PM,6,1
S-01,S-09,SKILLED,Sep 11 26,8:30 PM,6,5
S-12,S-13,SKILLED,Sep 11 26,9:15 PM,6,17
S-13,S-17,SKILLED,Sep 11 26,10:00 PM,6,12
S-12,S-17,SKILLED,Sep 11 26,10:45 PM,6,13
A-01,A-05,ADVANCED,Sep 11 26,7:00 PM,7,9
A-05,A-09,ADVANCED,Sep 11 26,7:45 PM,7,1
A-01,A-09,ADVANCED,Sep 11 26,8:30 PM,7,5
A-12,A-13,ADVANCED,Sep 11 26,9:15 PM,7,17
A-13,A-17,ADVANCED,Sep 11 26,10:00 PM,7,12
A-12,A-17,ADVANCED,Sep 11 26,10:45 PM,7,13
A-04,A-03,ADVANCED,Sep 11 26,7:00 PM,8,8
A-03,A-08,ADVANCED,Sep 11 26,7:45 PM,8,4
A-04,A-08,ADVANCED,Sep 11 26,8:30 PM,8,3
A-14,A-10,ADVANCED,Sep 11 26,9:15 PM,8,18
A-10,A-18,ADVANCED,Sep 11 26,10:00 PM,8,14
A-14,A-18,ADVANCED,Sep 11 26,10:45 PM,8,10
C-02,C-07,COMPETITIVE,Sep 11 26,7:00 PM,9,6
C-07,C-06,COMPETITIVE,Sep 11 26,7:45 PM,9,2
C-02,C-06,COMPETITIVE,Sep 11 26,8:30 PM,9,7
C-11,C-16,COMPETITIVE,Sep 11 26,9:15 PM,9,15
C-16,C-15,COMPETITIVE,Sep 11 26,10:00 PM,9,11
C-11,C-15,COMPETITIVE,Sep 11 26,10:45 PM,9,16
C-01,C-05,COMPETITIVE,Sep 11 26,7:00 PM,10,9
C-05,C-09,COMPETITIVE,Sep 11 26,7:45 PM,10,1
C-01,C-09,COMPETITIVE,Sep 11 26,8:30 PM,10,5
C-12,C-13,COMPETITIVE,Sep 11 26,9:15 PM,10,17
C-13,C-17,COMPETITIVE,Sep 11 26,10:00 PM,10,12
C-12,C-17,COMPETITIVE,Sep 11 26,10:45 PM,10,13
C-04,C-03,COMPETITIVE,Sep 11 26,7:00 PM,11,8
C-03,C-08,COMPETITIVE,Sep 11 26,7:45 PM,11,4
C-04,C-08,COMPETITIVE,Sep 11 26,8:30 PM,11,3
C-14,C-10,COMPETITIVE,Sep 11 26,9:15 PM,11,18
C-10,C-18,COMPETITIVE,Sep 11 26,10:00 PM,11,14
C-14,C-18,COMPETITIVE,Sep 11 26,10:45 PM,11,10
S-04,S-03,SKILLED,Sep 11 26,7:00 PM,12,8
S-03,S-08,SKILLED,Sep 11 26,7:45 PM,12,4
S-04,S-08,SKILLED,Sep 11 26,8:30 PM,12,3
S-14,S-10,SKILLED,Sep 11 26,9:15 PM,12,18
S-10,S-18,SKILLED,Sep 11 26,10:00 PM,12,14
S-14,S-18,SKILLED,Sep 11 26,10:45 PM,12,10
I-14,I-14,INTERMEDIATE,Sep 11 26,7:00 PM,13,I5
I-11,I-11,INTERMEDIATE,Sep 11 26,7:45 PM,13,I14
I-14,I-14,INTERMEDIATE,Sep 11 26,8:30 PM,13,I11
I-06,I-06,INTERMEDIATE,Sep 11 26,9:15 PM,13,I1
I-07,I-07,INTERMEDIATE,Sep 11 26,10:00 PM,13,I6
I-06,I-06,INTERMEDIATE,Sep 11 26,10:45 PM,13,I7
I-13,I-13,INTERMEDIATE,Sep 11 26,7:00 PM,14,I8
I-10,I-10,INTERMEDIATE,Sep 11 26,7:45 PM,14,I13
I-13,I-13,INTERMEDIATE,Sep 11 26,8:30 PM,14,I10
I-02,I-02,INTERMEDIATE,Sep 11 26,9:15 PM,14,I9
I-15,I-15,INTERMEDIATE,Sep 11 26,10:00 PM,14,I2
I-02,I-02,INTERMEDIATE,Sep 11 26,10:45 PM,14,I15
R-06,R-02,RECREATIONAL,Sep 11 26,7:00 PM,15,7
R-02,R-07,RECREATIONAL,Sep 11 26,7:45 PM,15,6
R-06,R-07,RECREATIONAL,Sep 11 26,8:30 PM,15,2
I-03,I-03,INTERMEDIATE,Sep 11 26,9:15 PM,15,I4
I-12,I-12,INTERMEDIATE,Sep 11 26,10:00 PM,15,I3
I-03,I-03,INTERMEDIATE,Sep 11 26,10:45 PM,15,I12
R-04,R-03,RECREATIONAL,Sep 11 26,7:00 PM,16,8
R-03,R-08,RECREATIONAL,Sep 11 26,7:45 PM,16,4
R-04,R-08,RECREATIONAL,Sep 11 26,8:30 PM,16,3
R-05,R-01,RECREATIONAL,Sep 11 26,9:15 PM,16,9
R-01,R-09,RECREATIONAL,Sep 11 26,10:00 PM,16,5
R-05,R-09,RECREATIONAL,Sep 11 26,10:45 PM,16,1
E-02,E-06,ELITE,Sep 18 26,7:00 PM,4,3
E-06,E-03,ELITE,Sep 18 26,7:45 PM,4,2
E-02,E-03,ELITE,Sep 18 26,8:30 PM,4,6
E-05,E-04,ELITE,Sep 18 26,9:15 PM,4,1
E-04,E-01,ELITE,Sep 18 26,10:00 PM,4,5
E-05,E-01,ELITE,Sep 18 26,10:45 PM,4,4
P-04,P-02,POWER,Sep 18 26,9:15 PM,2,9
P-02,P-09,POWER,Sep 18 26,10:00 PM,2,4
P-04,P-09,POWER,Sep 18 26,10:45 PM,2,2
P-06,P-01,POWER,Sep 18 26,7:00 PM,3,8
P-01,P-08,POWER,Sep 18 26,7:45 PM,3,6
P-06,P-08,POWER,Sep 18 26,8:30 PM,3,1
P-05,P-03,POWER,Sep 18 26,9:15 PM,3,7
P-03,P-07,POWER,Sep 18 26,10:00 PM,3,5
P-05,P-07,POWER,Sep 18 26,10:45 PM,3,3
A-10,A-17,ADVANCED,Sep 18 26,7:00 PM,1,15
A-17,A-15,ADVANCED,Sep 18 26,7:45 PM,1,10
A-10,A-15,ADVANCED,Sep 18 26,8:30 PM,1,17
A-04,A-02,ADVANCED,Sep 18 26,9:15 PM,1,9
A-02,A-09,ADVANCED,Sep 18 26,10:00 PM,1,4
A-04,A-09,ADVANCED,Sep 18 26,10:45 PM,1,2
S-10,S-17,SKILLED,Sep 18 26,7:00 PM,5,15
S-17,S-15,SKILLED,Sep 18 26,7:45 PM,5,10
S-10,S-15,SKILLED,Sep 18 26,8:30 PM,5,17
S-04,S-02,SKILLED,Sep 18 26,9:15 PM,5,9
S-02,S-09,SKILLED,Sep 18 26,10:00 PM,5,4
S-04,S-09,SKILLED,Sep 18 26,10:45 PM,5,2
S-16,S-12,SKILLED,Sep 18 26,7:00 PM,6,14
S-12,S-14,SKILLED,Sep 18 26,7:45 PM,6,16
S-16,S-14,SKILLED,Sep 18 26,8:30 PM,6,12
S-07,S-03,SKILLED,Sep 18 26,9:15 PM,6,5
S-03,S-05,SKILLED,Sep 18 26,10:00 PM,6,7
S-07,S-05,SKILLED,Sep 18 26,10:45 PM,6,3
A-16,A-12,ADVANCED,Sep 18 26,7:00 PM,7,14
A-12,A-14,ADVANCED,Sep 18 26,7:45 PM,7,16
A-16,A-14,ADVANCED,Sep 18 26,8:30 PM,7,12
A-07,A-03,ADVANCED,Sep 18 26,9:15 PM,7,5
A-03,A-05,ADVANCED,Sep 18 26,10:00 PM,7,7
A-07,A-05,ADVANCED,Sep 18 26,10:45 PM,7,3
A-13,A-18,ADVANCED,Sep 18 26,7:00 PM,8,11
A-18,A-11,ADVANCED,Sep 18 26,7:45 PM,8,13
A-13,A-11,ADVANCED,Sep 18 26,8:30 PM,8,18
A-06,A-08,ADVANCED,Sep 18 26,9:15 PM,8,1
A-08,A-01,ADVANCED,Sep 18 26,10:00 PM,8,6
A-06,A-01,ADVANCED,Sep 18 26,10:45 PM,8,8
C-10,C-17,COMPETITIVE,Sep 18 26,7:00 PM,9,15
C-17,C-15,COMPETITIVE,Sep 18 26,7:45 PM,9,10
C-10,C-15,COMPETITIVE,Sep 18 26,8:30 PM,9,17
C-04,C-02,COMPETITIVE,Sep 18 26,9:15 PM,9,9
C-02,C-09,COMPETITIVE,Sep 18 26,10:00 PM,9,4
C-04,C-09,COMPETITIVE,Sep 18 26,10:45 PM,9,2
C-16,C-12,COMPETITIVE,Sep 18 26,7:00 PM,10,14
C-12,C-14,COMPETITIVE,Sep 18 26,7:45 PM,10,16
C-16,C-14,COMPETITIVE,Sep 18 26,8:30 PM,10,12
C-07,C-03,COMPETITIVE,Sep 18 26,9:15 PM,10,5
C-03,C-05,COMPETITIVE,Sep 18 26,10:00 PM,10,7
C-07,C-05,COMPETITIVE,Sep 18 26,10:45 PM,10,3
C-13,C-18,COMPETITIVE,Sep 18 26,7:00 PM,11,11
C-18,C-11,COMPETITIVE,Sep 18 26,7:45 PM,11,13
C-13,C-11,COMPETITIVE,Sep 18 26,8:30 PM,11,18
C-06,C-08,COMPETITIVE,Sep 18 26,9:15 PM,11,1
C-08,C-01,COMPETITIVE,Sep 18 26,10:00 PM,11,6
C-06,C-01,COMPETITIVE,Sep 18 26,10:45 PM,11,8
S-13,S-18,SKILLED,Sep 18 26,7:00 PM,12,11
S-18,S-11,SKILLED,Sep 18 26,7:45 PM,12,13
S-13,S-11,SKILLED,Sep 18 26,8:30 PM,12,18
S-06,S-08,SKILLED,Sep 18 26,9:15 PM,12,1
S-08,S-01,SKILLED,Sep 18 26,10:00 PM,12,6
S-06,S-01,SKILLED,Sep 18 26,10:45 PM,12,8
I-05,I-05,INTERMEDIATE,Sep 18 26,7:00 PM,13,I2
I-12,I-12,INTERMEDIATE,Sep 18 26,7:45 PM,13,I5
I-05,I-05,INTERMEDIATE,Sep 18 26,8:30 PM,13,I12
I-15,I-15,INTERMEDIATE,Sep 18 26,9:15 PM,13,I8
I-06,I-06,INTERMEDIATE,Sep 18 26,10:00 PM,13,I15
I-15,I-15,INTERMEDIATE,Sep 18 26,10:45 PM,13,I6
I-04,I-04,INTERMEDIATE,Sep 18 26,7:00 PM,14,I7
I-09,I-09,INTERMEDIATE,Sep 18 26,7:45 PM,14,I4
I-04,I-04,INTERMEDIATE,Sep 18 26,8:30 PM,14,I9
I-13,I-13,INTERMEDIATE,Sep 18 26,9:15 PM,14,I3
I-11,I-11,INTERMEDIATE,Sep 18 26,10:00 PM,14,I13
I-13,I-13,INTERMEDIATE,Sep 18 26,10:45 PM,14,I11
I-01,I-01,INTERMEDIATE,Sep 18 26,7:00 PM,15,I10
I-14,I-14,INTERMEDIATE,Sep 18 26,7:45 PM,15,I1
I-01,I-01,INTERMEDIATE,Sep 18 26,8:30 PM,15,I14
R-04,R-02,RECREATIONAL,Sep 18 26,9:15 PM,15,9
R-02,R-09,RECREATIONAL,Sep 18 26,10:00 PM,15,4
R-04,R-09,RECREATIONAL,Sep 18 26,10:45 PM,15,2
R-06,R-01,RECREATIONAL,Sep 18 26,7:00 PM,16,8
R-01,R-08,RECREATIONAL,Sep 18 26,7:45 PM,16,6
R-06,R-08,RECREATIONAL,Sep 18 26,8:30 PM,16,1
R-05,R-03,RECREATIONAL,Sep 18 26,9:15 PM,16,7
R-03,R-07,RECREATIONAL,Sep 18 26,10:00 PM,16,5
R-05,R-07,RECREATIONAL,Sep 18 26,10:45 PM,16,3
E-04,E-02,ELITE,Sep 25 26,7:00 PM,4,1
E-02,E-01,ELITE,Sep 25 26,7:45 PM,4,4
E-04,E-01,ELITE,Sep 25 26,8:30 PM,4,2
E-06,E-05,ELITE,Sep 25 26,9:15 PM,4,3
E-05,E-03,ELITE,Sep 25 26,10:00 PM,4,6
E-06,E-03,ELITE,Sep 25 26,10:45 PM,4,5
P-01,P-02,POWER,Sep 25 26,7:00 PM,2,3
P-02,P-03,POWER,Sep 25 26,7:45 PM,2,1
P-01,P-03,POWER,Sep 25 26,8:30 PM,2,2
P-09,P-07,POWER,Sep 25 26,7:00 PM,3,8
P-07,P-08,POWER,Sep 25 26,7:45 PM,3,9
P-09,P-08,POWER,Sep 25 26,8:30 PM,3,7
P-06,P-04,POWER,Sep 25 26,9:15 PM,3,5
P-04,P-05,POWER,Sep 25 26,10:00 PM,3,6
P-06,P-05,POWER,Sep 25 26,10:45 PM,3,4
A-05,A-16,ADVANCED,Sep 25 26,7:00 PM,1,4
A-16,A-04,ADVANCED,Sep 25 26,7:45 PM,1,5
A-05,A-04,ADVANCED,Sep 25 26,8:30 PM,1,16
A-13,A-07,ADVANCED,Sep 25 26,9:15 PM,1,18
A-07,A-18,ADVANCED,Sep 25 26,10:00 PM,1,13
A-13,A-18,ADVANCED,Sep 25 26,10:45 PM,1,7
S-05,S-16,SKILLED,Sep 25 26,7:00 PM,5,4
S-16,S-04,SKILLED,Sep 25 26,7:45 PM,5,5
S-05,S-04,SKILLED,Sep 25 26,8:30 PM,5,16
S-13,S-07,SKILLED,Sep 25 26,9:15 PM,5,18
S-07,S-18,SKILLED,Sep 25 26,10:00 PM,5,13
S-13,S-18,SKILLED,Sep 25 26,10:45 PM,5,7
S-10,S-03,SKILLED,Sep 25 26,7:00 PM,6,9
S-03,S-09,SKILLED,Sep 25 26,7:45 PM,6,10
S-10,S-09,SKILLED,Sep 25 26,8:30 PM,6,3
S-08,S-11,SKILLED,Sep 25 26,9:15 PM,6,17
S-11,S-17,SKILLED,Sep 25 26,10:00 PM,6,8
S-08,S-17,SKILLED,Sep 25 26,10:45 PM,6,11
A-10,A-03,ADVANCED,Sep 25 26,7:00 PM,7,9
A-03,A-09,ADVANCED,Sep 25 26,7:45 PM,7,10
A-10,A-09,ADVANCED,Sep 25 26,8:30 PM,7,3
A-08,A-11,ADVANCED,Sep 25 26,9:15 PM,7,17
A-11,A-17,ADVANCED,Sep 25 26,10:00 PM,7,8
A-08,A-17,ADVANCED,Sep 25 26,10:45 PM,7,11
A-14,A-06,ADVANCED,Sep 25 26,7:00 PM,8,1
A-06,A-01,ADVANCED,Sep 25 26,7:45 PM,8,14
A-14,A-01,ADVANCED,Sep 25 26,8:30 PM,8,6
A-12,A-15,ADVANCED,Sep 25 26,9:15 PM,8,2
A-15,A-02,ADVANCED,Sep 25 26,10:00 PM,8,12
A-12,A-02,ADVANCED,Sep 25 26,10:45 PM,8,15
C-05,C-16,COMPETITIVE,Sep 25 26,7:00 PM,9,4
C-16,C-04,COMPETITIVE,Sep 25 26,7:45 PM,9,5
C-05,C-04,COMPETITIVE,Sep 25 26,8:30 PM,9,16
C-13,C-07,COMPETITIVE,Sep 25 26,9:15 PM,9,18
C-07,C-18,COMPETITIVE,Sep 25 26,10:00 PM,9,13
C-13,C-18,COMPETITIVE,Sep 25 26,10:45 PM,9,7
C-10,C-03,COMPETITIVE,Sep 25 26,7:00 PM,10,9
C-03,C-09,COMPETITIVE,Sep 25 26,7:45 PM,10,10
C-10,C-09,COMPETITIVE,Sep 25 26,8:30 PM,10,3
C-08,C-11,COMPETITIVE,Sep 25 26,9:15 PM,10,17
C-11,C-17,COMPETITIVE,Sep 25 26,10:00 PM,10,8
C-08,C-17,COMPETITIVE,Sep 25 26,10:45 PM,10,11
C-14,C-06,COMPETITIVE,Sep 25 26,7:00 PM,11,1
C-06,C-01,COMPETITIVE,Sep 25 26,7:45 PM,11,14
C-14,C-01,COMPETITIVE,Sep 25 26,8:30 PM,11,6
C-12,C-15,COMPETITIVE,Sep 25 26,9:15 PM,11,2
C-15,C-02,COMPETITIVE,Sep 25 26,10:00 PM,11,12
C-12,C-02,COMPETITIVE,Sep 25 26,10:45 PM,11,15
S-14,S-06,SKILLED,Sep 25 26,7:00 PM,12,1
S-06,S-01,SKILLED,Sep 25 26,7:45 PM,12,14
S-14,S-01,SKILLED,Sep 25 26,8:30 PM,12,6
S-12,S-15,SKILLED,Sep 25 26,9:15 PM,12,2
S-15,S-02,SKILLED,Sep 25 26,10:00 PM,12,12
S-12,S-02,SKILLED,Sep 25 26,10:45 PM,12,15
I-01,I-01,INTERMEDIATE,Sep 25 26,7:00 PM,13,I5
I-08,I-08,INTERMEDIATE,Sep 25 26,7:45 PM,13,I1
I-01,I-01,INTERMEDIATE,Sep 25 26,8:30 PM,13,I8
I-02,I-02,INTERMEDIATE,Sep 25 26,9:15 PM,13,I4
I-13,I-13,INTERMEDIATE,Sep 25 26,10:00 PM,13,I2
I-02,I-02,INTERMEDIATE,Sep 25 26,10:45 PM,13,I13
I-15,I-15,INTERMEDIATE,Sep 25 26,7:00 PM,14,I3
I-10,I-10,INTERMEDIATE,Sep 25 26,7:45 PM,14,I15
I-15,I-15,INTERMEDIATE,Sep 25 26,8:30 PM,14,I10
I-06,I-06,INTERMEDIATE,Sep 25 26,9:15 PM,14,I11
I-09,I-09,INTERMEDIATE,Sep 25 26,10:00 PM,14,I6
I-06,I-06,INTERMEDIATE,Sep 25 26,10:45 PM,14,I9
R-01,R-02,RECREATIONAL,Sep 25 26,7:00 PM,15,3
R-02,R-03,RECREATIONAL,Sep 25 26,7:45 PM,15,1
R-01,R-03,RECREATIONAL,Sep 25 26,8:30 PM,15,2
I-14,I-14,INTERMEDIATE,Sep 25 26,9:15 PM,15,I7
I-12,I-12,INTERMEDIATE,Sep 25 26,10:00 PM,15,I14
I-14,I-14,INTERMEDIATE,Sep 25 26,10:45 PM,15,I12
R-09,R-07,RECREATIONAL,Sep 25 26,7:00 PM,16,8
R-07,R-08,RECREATIONAL,Sep 25 26,7:45 PM,16,9
R-09,R-08,RECREATIONAL,Sep 25 26,8:30 PM,16,7
R-06,R-04,RECREATIONAL,Sep 25 26,9:15 PM,16,5
R-04,R-05,RECREATIONAL,Sep 25 26,10:00 PM,16,6
R-06,R-05,RECREATIONAL,Sep 25 26,10:45 PM,16,4
E-06,E-02,ELITE,Oct 09 26,7:00 PM,4,5
E-02,E-05,ELITE,Oct 09 26,7:45 PM,4,6
E-06,E-05,ELITE,Oct 09 26,8:30 PM,4,2
E-01,E-03,ELITE,Oct 09 26,9:15 PM,4,4
E-03,E-04,ELITE,Oct 09 26,10:00 PM,4,1
E-01,E-04,ELITE,Oct 09 26,10:45 PM,4,3
P-03,P-09,POWER,Oct 09 26,9:15 PM,2,6
P-09,P-06,POWER,Oct 09 26,10:00 PM,2,3
P-03,P-06,POWER,Oct 09 26,10:45 PM,2,9
P-02,P-08,POWER,Oct 09 26,7:00 PM,3,5
P-08,P-05,POWER,Oct 09 26,7:45 PM,3,2
P-02,P-05,POWER,Oct 09 26,8:30 PM,3,8
P-01,P-07,POWER,Oct 09 26,9:15 PM,3,4
P-07,P-04,POWER,Oct 09 26,10:00 PM,3,1
P-01,P-04,POWER,Oct 09 26,10:45 PM,3,7
A-05,A-15,ADVANCED,Oct 09 26,7:00 PM,1,13
A-15,A-13,ADVANCED,Oct 09 26,7:45 PM,1,5
A-05,A-13,ADVANCED,Oct 09 26,8:30 PM,1,15
A-07,A-14,ADVANCED,Oct 09 26,9:15 PM,1,3
A-14,A-03,ADVANCED,Oct 09 26,10:00 PM,1,7
A-07,A-03,ADVANCED,Oct 09 26,10:45 PM,1,14
S-05,S-15,SKILLED,Oct 09 26,7:00 PM,5,13
S-15,S-13,SKILLED,Oct 09 26,7:45 PM,5,5
S-05,S-13,SKILLED,Oct 09 26,8:30 PM,5,15
S-07,S-14,SKILLED,Oct 09 26,9:15 PM,5,3
S-14,S-03,SKILLED,Oct 09 26,10:00 PM,5,7
S-07,S-03,SKILLED,Oct 09 26,10:45 PM,5,14
S-18,S-10,SKILLED,Oct 09 26,7:00 PM,6,8
S-10,S-08,SKILLED,Oct 09 26,7:45 PM,6,18
S-18,S-08,SKILLED,Oct 09 26,8:30 PM,6,10
S-09,S-04,SKILLED,Oct 09 26,9:15 PM,6,12
S-04,S-12,SKILLED,Oct 09 26,10:00 PM,6,9
S-09,S-12,SKILLED,Oct 09 26,10:45 PM,6,4
A-18,A-10,ADVANCED,Oct 09 26,7:00 PM,7,8
A-10,A-08,ADVANCED,Oct 09 26,7:45 PM,7,18
A-18,A-08,ADVANCED,Oct 09 26,8:30 PM,7,10
A-09,A-04,ADVANCED,Oct 09 26,9:15 PM,7,12
A-04,A-12,ADVANCED,Oct 09 26,10:00 PM,7,9
A-09,A-12,ADVANCED,Oct 09 26,10:45 PM,7,4
A-06,A-02,ADVANCED,Oct 09 26,7:00 PM,8,11
A-02,A-11,ADVANCED,Oct 09 26,7:45 PM,8,6
A-06,A-11,ADVANCED,Oct 09 26,8:30 PM,8,2
A-01,A-16,ADVANCED,Oct 09 26,9:15 PM,8,17
A-16,A-17,ADVANCED,Oct 09 26,10:00 PM,8,1
A-01,A-17,ADVANCED,Oct 09 26,10:45 PM,8,16
C-05,C-15,COMPETITIVE,Oct 09 26,7:00 PM,9,13
C-15,C-13,COMPETITIVE,Oct 09 26,7:45 PM,9,5
C-05,C-13,COMPETITIVE,Oct 09 26,8:30 PM,9,15
C-07,C-14,COMPETITIVE,Oct 09 26,9:15 PM,9,3
C-14,C-03,COMPETITIVE,Oct 09 26,10:00 PM,9,7
C-07,C-03,COMPETITIVE,Oct 09 26,10:45 PM,9,14
C-18,C-10,COMPETITIVE,Oct 09 26,7:00 PM,10,8
C-10,C-08,COMPETITIVE,Oct 09 26,7:45 PM,10,18
C-18,C-08,COMPETITIVE,Oct 09 26,8:30 PM,10,10
C-09,C-04,COMPETITIVE,Oct 09 26,9:15 PM,10,12
C-04,C-12,COMPETITIVE,Oct 09 26,10:00 PM,10,9
C-09,C-12,COMPETITIVE,Oct 09 26,10:45 PM,10,4
C-06,C-02,COMPETITIVE,Oct 09 26,7:00 PM,11,11
C-02,C-11,COMPETITIVE,Oct 09 26,7:45 PM,11,6
C-06,C-11,COMPETITIVE,Oct 09 26,8:30 PM,11,2
C-01,C-16,COMPETITIVE,Oct 09 26,9:15 PM,11,17
C-16,C-17,COMPETITIVE,Oct 09 26,10:00 PM,11,1
C-01,C-17,COMPETITIVE,Oct 09 26,10:45 PM,11,16
S-06,S-02,SKILLED,Oct 09 26,7:00 PM,12,11
S-02,S-11,SKILLED,Oct 09 26,7:45 PM,12,6
S-06,S-11,SKILLED,Oct 09 26,8:30 PM,12,2
S-01,S-16,SKILLED,Oct 09 26,9:15 PM,12,17
S-16,S-17,SKILLED,Oct 09 26,10:00 PM,12,1
S-01,S-17,SKILLED,Oct 09 26,10:45 PM,12,16
I-03,I-03,INTERMEDIATE,Oct 09 26,7:00 PM,13,I8
I-07,I-07,INTERMEDIATE,Oct 09 26,7:45 PM,13,I3
I-03,I-03,INTERMEDIATE,Oct 09 26,8:30 PM,13,I7
I-15,I-15,INTERMEDIATE,Oct 09 26,9:15 PM,13,I4
I-05,I-05,INTERMEDIATE,Oct 09 26,10:00 PM,13,I15
I-15,I-15,INTERMEDIATE,Oct 09 26,10:45 PM,13,I5
I-14,I-14,INTERMEDIATE,Oct 09 26,7:00 PM,14,I2
I-06,I-06,INTERMEDIATE,Oct 09 26,7:45 PM,14,I14
I-14,I-14,INTERMEDIATE,Oct 09 26,8:30 PM,14,I6
I-11,I-11,INTERMEDIATE,Oct 09 26,9:15 PM,14,I12
I-10,I-10,INTERMEDIATE,Oct 09 26,10:00 PM,14,I11
I-11,I-11,INTERMEDIATE,Oct 09 26,10:45 PM,14,I10
I-13,I-13,INTERMEDIATE,Oct 09 26,7:00 PM,15,I1
I-09,I-09,INTERMEDIATE,Oct 09 26,7:45 PM,15,I13
I-13,I-13,INTERMEDIATE,Oct 09 26,8:30 PM,15,I9
R-03,R-09,RECREATIONAL,Oct 09 26,9:15 PM,15,6
R-09,R-06,RECREATIONAL,Oct 09 26,10:00 PM,15,3
R-03,R-06,RECREATIONAL,Oct 09 26,10:45 PM,15,9
R-02,R-08,RECREATIONAL,Oct 09 26,7:00 PM,16,5
R-08,R-05,RECREATIONAL,Oct 09 26,7:45 PM,16,2
R-02,R-05,RECREATIONAL,Oct 09 26,8:30 PM,16,8
R-01,R-07,RECREATIONAL,Oct 09 26,9:15 PM,16,4
R-07,R-04,RECREATIONAL,Oct 09 26,10:00 PM,16,1
R-01,R-04,RECREATIONAL,Oct 09 26,10:45 PM,16,7
E-06,E-03,ELITE,Oct 16 26,7:00 PM,4,4
E-03,E-04,ELITE,Oct 16 26,7:45 PM,4,6
E-06,E-04,ELITE,Oct 16 26,8:30 PM,4,3
E-01,E-02,ELITE,Oct 16 26,9:15 PM,4,5
E-02,E-05,ELITE,Oct 16 26,10:00 PM,4,1
E-01,E-05,ELITE,Oct 16 26,10:45 PM,4,2
P-03,P-08,POWER,Oct 16 26,7:00 PM,2,4
P-08,P-04,POWER,Oct 16 26,7:45 PM,2,3
P-03,P-04,POWER,Oct 16 26,8:30 PM,2,8
P-01,P-09,POWER,Oct 16 26,7:00 PM,3,5
P-09,P-05,POWER,Oct 16 26,7:45 PM,3,1
P-01,P-05,POWER,Oct 16 26,8:30 PM,3,9
P-02,P-07,POWER,Oct 16 26,9:15 PM,3,6
P-07,P-06,POWER,Oct 16 26,10:00 PM,3,2
P-02,P-06,POWER,Oct 16 26,10:45 PM,3,7
A-12,A-03,ADVANCED,Oct 16 26,7:00 PM,1,11
A-03,A-11,ADVANCED,Oct 16 26,7:45 PM,1,12
A-12,A-11,ADVANCED,Oct 16 26,8:30 PM,1,3
A-16,A-10,ADVANCED,Oct 16 26,9:15 PM,1,2
A-10,A-02,ADVANCED,Oct 16 26,10:00 PM,1,16
A-16,A-02,ADVANCED,Oct 16 26,10:45 PM,1,10
S-12,S-03,SKILLED,Oct 16 26,7:00 PM,5,11
S-03,S-11,SKILLED,Oct 16 26,7:45 PM,5,12
S-12,S-11,SKILLED,Oct 16 26,8:30 PM,5,3
S-16,S-10,SKILLED,Oct 16 26,9:15 PM,5,2
S-10,S-02,SKILLED,Oct 16 26,10:00 PM,5,16
S-16,S-02,SKILLED,Oct 16 26,10:45 PM,5,10
S-01,S-15,SKILLED,Oct 16 26,7:00 PM,6,4
S-15,S-04,SKILLED,Oct 16 26,7:45 PM,6,1
S-01,S-04,SKILLED,Oct 16 26,8:30 PM,6,15
S-18,S-14,SKILLED,Oct 16 26,9:15 PM,6,5
S-14,S-05,SKILLED,Oct 16 26,10:00 PM,6,18
S-18,S-05,SKILLED,Oct 16 26,10:45 PM,6,14
A-01,A-15,ADVANCED,Oct 16 26,7:00 PM,7,4
A-15,A-04,ADVANCED,Oct 16 26,7:45 PM,7,1
A-01,A-04,ADVANCED,Oct 16 26,8:30 PM,7,15
A-18,A-14,ADVANCED,Oct 16 26,9:15 PM,7,5
A-14,A-05,ADVANCED,Oct 16 26,10:00 PM,7,18
A-18,A-05,ADVANCED,Oct 16 26,10:45 PM,7,14
A-17,A-06,ADVANCED,Oct 16 26,7:00 PM,8,7
A-06,A-07,ADVANCED,Oct 16 26,7:45 PM,8,17
A-17,A-07,ADVANCED,Oct 16 26,8:30 PM,8,6
A-08,A-09,ADVANCED,Oct 16 26,9:15 PM,8,13
A-09,A-13,ADVANCED,Oct 16 26,10:00 PM,8,8
A-08,A-13,ADVANCED,Oct 16 26,10:45 PM,8,9
C-12,C-03,COMPETITIVE,Oct 16 26,7:00 PM,9,11
C-03,C-11,COMPETITIVE,Oct 16 26,7:45 PM,9,12
C-12,C-11,COMPETITIVE,Oct 16 26,8:30 PM,9,3
C-16,C-10,COMPETITIVE,Oct 16 26,9:15 PM,9,2
C-10,C-02,COMPETITIVE,Oct 16 26,10:00 PM,9,16
C-16,C-02,COMPETITIVE,Oct 16 26,10:45 PM,9,10
C-01,C-15,COMPETITIVE,Oct 16 26,7:00 PM,10,4
C-15,C-04,COMPETITIVE,Oct 16 26,7:45 PM,10,1
C-01,C-04,COMPETITIVE,Oct 16 26,8:30 PM,10,15
C-18,C-14,COMPETITIVE,Oct 16 26,9:15 PM,10,5
C-14,C-05,COMPETITIVE,Oct 16 26,10:00 PM,10,18
C-18,C-05,COMPETITIVE,Oct 16 26,10:45 PM,10,14
C-17,C-06,COMPETITIVE,Oct 16 26,7:00 PM,11,7
C-06,C-07,COMPETITIVE,Oct 16 26,7:45 PM,11,17
C-17,C-07,COMPETITIVE,Oct 16 26,8:30 PM,11,6
C-08,C-09,COMPETITIVE,Oct 16 26,9:15 PM,11,13
C-09,C-13,COMPETITIVE,Oct 16 26,10:00 PM,11,8
C-08,C-13,COMPETITIVE,Oct 16 26,10:45 PM,11,9
S-17,S-06,SKILLED,Oct 16 26,7:00 PM,12,7
S-06,S-07,SKILLED,Oct 16 26,7:45 PM,12,17
S-17,S-07,SKILLED,Oct 16 26,8:30 PM,12,6
S-08,S-09,SKILLED,Oct 16 26,9:15 PM,12,13
S-09,S-13,SKILLED,Oct 16 26,10:00 PM,12,8
S-08,S-13,SKILLED,Oct 16 26,10:45 PM,12,9
I-01,I-01,INTERMEDIATE,Oct 16 26,7:00 PM,13,I11
I-04,I-04,INTERMEDIATE,Oct 16 26,7:45 PM,13,I1
I-01,I-01,INTERMEDIATE,Oct 16 26,8:30 PM,13,I4
I-02,I-02,INTERMEDIATE,Oct 16 26,9:15 PM,13,I10
I-07,I-07,INTERMEDIATE,Oct 16 26,10:00 PM,13,I2
I-02,I-02,INTERMEDIATE,Oct 16 26,10:45 PM,13,I7
I-15,I-15,INTERMEDIATE,Oct 16 26,7:00 PM,14,I14
I-13,I-13,INTERMEDIATE,Oct 16 26,7:45 PM,14,I15
I-15,I-15,INTERMEDIATE,Oct 16 26,8:30 PM,14,I13
I-05,I-05,INTERMEDIATE,Oct 16 26,9:15 PM,14,I6
I-03,I-03,INTERMEDIATE,Oct 16 26,10:00 PM,14,I5
I-05,I-05,INTERMEDIATE,Oct 16 26,10:45 PM,14,I3
R-03,R-08,RECREATIONAL,Oct 16 26,7:00 PM,15,4
R-08,R-04,RECREATIONAL,Oct 16 26,7:45 PM,15,3
R-03,R-04,RECREATIONAL,Oct 16 26,8:30 PM,15,8
I-09,I-09,INTERMEDIATE,Oct 16 26,9:15 PM,15,I12
I-08,I-08,INTERMEDIATE,Oct 16 26,10:00 PM,15,I9
I-09,I-09,INTERMEDIATE,Oct 16 26,10:45 PM,15,I8
R-01,R-09,RECREATIONAL,Oct 16 26,7:00 PM,16,5
R-09,R-05,RECREATIONAL,Oct 16 26,7:45 PM,16,1
R-01,R-05,RECREATIONAL,Oct 16 26,8:30 PM,16,9
R-02,R-07,RECREATIONAL,Oct 16 26,9:15 PM,16,6
R-07,R-06,RECREATIONAL,Oct 16 26,10:00 PM,16,2
R-02,R-06,RECREATIONAL,Oct 16 26,10:45 PM,16,7
E-04,E-03,ELITE,Oct 30 26,7:00 PM,4,5
E-03,E-05,ELITE,Oct 30 26,7:45 PM,4,4
E-04,E-05,ELITE,Oct 30 26,8:30 PM,4,3
E-02,E-01,ELITE,Oct 30 26,9:15 PM,4,6
E-01,E-06,ELITE,Oct 30 26,10:00 PM,4,2
E-02,E-06,ELITE,Oct 30 26,10:45 PM,4,1
P-07,P-05,POWER,Oct 30 26,9:15 PM,2,3
P-05,P-03,POWER,Oct 30 26,10:00 PM,2,7
P-07,P-03,POWER,Oct 30 26,10:45 PM,2,5
P-09,P-04,POWER,Oct 30 26,7:00 PM,3,2
P-04,P-02,POWER,Oct 30 26,7:45 PM,3,9
P-09,P-02,POWER,Oct 30 26,8:30 PM,3,4
P-01,P-08,POWER,Oct 30 26,9:15 PM,3,6
P-08,P-06,POWER,Oct 30 26,10:00 PM,3,1
P-01,P-06,POWER,Oct 30 26,10:45 PM,3,8
A-18,A-02,ADVANCED,Oct 30 26,7:00 PM,1,1
A-02,A-01,ADVANCED,Oct 30 26,7:45 PM,1,18
A-18,A-01,ADVANCED,Oct 30 26,8:30 PM,1,2
A-03,A-17,ADVANCED,Oct 30 26,9:15 PM,1,5
A-17,A-05,ADVANCED,Oct 30 26,10:00 PM,1,3
A-03,A-05,ADVANCED,Oct 30 26,10:45 PM,1,17
S-18,S-02,SKILLED,Oct 30 26,7:00 PM,5,1
S-02,S-01,SKILLED,Oct 30 26,7:45 PM,5,18
S-18,S-01,SKILLED,Oct 30 26,8:30 PM,5,2
S-03,S-17,SKILLED,Oct 30 26,9:15 PM,5,5
S-17,S-05,SKILLED,Oct 30 26,10:00 PM,5,3
S-03,S-05,SKILLED,Oct 30 26,10:45 PM,5,17
S-07,S-12,SKILLED,Oct 30 26,7:00 PM,6,10
S-12,S-10,SKILLED,Oct 30 26,7:45 PM,6,7
S-07,S-10,SKILLED,Oct 30 26,8:30 PM,6,12
S-15,S-08,SKILLED,Oct 30 26,9:15 PM,6,6
S-08,S-06,SKILLED,Oct 30 26,10:00 PM,6,15
S-15,S-06,SKILLED,Oct 30 26,10:45 PM,6,8
A-07,A-12,ADVANCED,Oct 30 26,7:00 PM,7,10
A-12,A-10,ADVANCED,Oct 30 26,7:45 PM,7,7
A-07,A-10,ADVANCED,Oct 30 26,8:30 PM,7,12
A-15,A-08,ADVANCED,Oct 30 26,9:15 PM,7,6
A-08,A-06,ADVANCED,Oct 30 26,10:00 PM,7,15
A-15,A-06,ADVANCED,Oct 30 26,10:45 PM,7,8
A-14,A-04,ADVANCED,Oct 30 26,7:00 PM,8,13
A-04,A-13,ADVANCED,Oct 30 26,7:45 PM,8,14
A-14,A-13,ADVANCED,Oct 30 26,8:30 PM,8,4
A-11,A-09,ADVANCED,Oct 30 26,9:15 PM,8,16
A-09,A-16,ADVANCED,Oct 30 26,10:00 PM,8,11
A-11,A-16,ADVANCED,Oct 30 26,10:45 PM,8,9
C-18,C-02,COMPETITIVE,Oct 30 26,7:00 PM,9,1
C-02,C-01,COMPETITIVE,Oct 30 26,7:45 PM,9,18
C-18,C-01,COMPETITIVE,Oct 30 26,8:30 PM,9,2
C-03,C-17,COMPETITIVE,Oct 30 26,9:15 PM,9,5
C-17,C-05,COMPETITIVE,Oct 30 26,10:00 PM,9,3
C-03,C-05,COMPETITIVE,Oct 30 26,10:45 PM,9,17
C-07,C-12,COMPETITIVE,Oct 30 26,7:00 PM,10,10
C-12,C-10,COMPETITIVE,Oct 30 26,7:45 PM,10,7
C-07,C-10,COMPETITIVE,Oct 30 26,8:30 PM,10,12
C-15,C-08,COMPETITIVE,Oct 30 26,9:15 PM,10,6
C-08,C-06,COMPETITIVE,Oct 30 26,10:00 PM,10,15
C-15,C-06,COMPETITIVE,Oct 30 26,10:45 PM,10,8
C-14,C-04,COMPETITIVE,Oct 30 26,7:00 PM,11,13
C-04,C-13,COMPETITIVE,Oct 30 26,7:45 PM,11,14
C-14,C-13,COMPETITIVE,Oct 30 26,8:30 PM,11,4
C-11,C-09,COMPETITIVE,Oct 30 26,9:15 PM,11,16
C-09,C-16,COMPETITIVE,Oct 30 26,10:00 PM,11,11
C-11,C-16,COMPETITIVE,Oct 30 26,10:45 PM,11,9
S-14,S-04,SKILLED,Oct 30 26,7:00 PM,12,13
S-04,S-13,SKILLED,Oct 30 26,7:45 PM,12,14
S-14,S-13,SKILLED,Oct 30 26,8:30 PM,12,4
S-11,S-09,SKILLED,Oct 30 26,9:15 PM,12,16
S-09,S-16,SKILLED,Oct 30 26,10:00 PM,12,11
S-11,S-16,SKILLED,Oct 30 26,10:45 PM,12,9
I-02,I-02,INTERMEDIATE,Oct 30 26,7:00 PM,13,I3
I-01,I-01,INTERMEDIATE,Oct 30 26,7:45 PM,13,I2
I-02,I-02,INTERMEDIATE,Oct 30 26,8:30 PM,13,I1
I-14,I-14,INTERMEDIATE,Oct 30 26,9:15 PM,13,I8
I-04,I-04,INTERMEDIATE,Oct 30 26,10:00 PM,13,I14
I-14,I-14,INTERMEDIATE,Oct 30 26,10:45 PM,13,I4
I-12,I-12,INTERMEDIATE,Oct 30 26,7:00 PM,14,I13
I-06,I-06,INTERMEDIATE,Oct 30 26,7:45 PM,14,I12
I-12,I-12,INTERMEDIATE,Oct 30 26,8:30 PM,14,I6
I-11,I-11,INTERMEDIATE,Oct 30 26,9:15 PM,14,I15
I-07,I-07,INTERMEDIATE,Oct 30 26,10:00 PM,14,I11
I-11,I-11,INTERMEDIATE,Oct 30 26,10:45 PM,14,I7
I-09,I-09,INTERMEDIATE,Oct 30 26,7:00 PM,15,I10
I-05,I-05,INTERMEDIATE,Oct 30 26,7:45 PM,15,I9
I-09,I-09,INTERMEDIATE,Oct 30 26,8:30 PM,15,I5
R-07,R-05,RECREATIONAL,Oct 30 26,9:15 PM,15,3
R-05,R-03,RECREATIONAL,Oct 30 26,10:00 PM,15,7
R-07,R-03,RECREATIONAL,Oct 30 26,10:45 PM,15,5
R-09,R-04,RECREATIONAL,Oct 30 26,7:00 PM,16,2
R-04,R-02,RECREATIONAL,Oct 30 26,7:45 PM,16,9
R-09,R-02,RECREATIONAL,Oct 30 26,8:30 PM,16,4
R-01,R-08,RECREATIONAL,Oct 30 26,9:15 PM,16,6
R-08,R-06,RECREATIONAL,Oct 30 26,10:00 PM,16,1
R-01,R-06,RECREATIONAL,Oct 30 26,10:45 PM,16,8
E-03,E-01,ELITE,Nov 06 26,7:00 PM,4,5
E-01,E-05,ELITE,Nov 06 26,7:45 PM,4,3
E-03,E-05,ELITE,Nov 06 26,8:30 PM,4,1
E-04,E-02,ELITE,Nov 06 26,9:15 PM,4,6
E-02,E-06,ELITE,Nov 06 26,10:00 PM,4,4
E-04,E-06,ELITE,Nov 06 26,10:45 PM,4,2
P-04,P-06,POWER,Nov 06 26,7:00 PM,2,5
P-06,P-05,POWER,Nov 06 26,7:45 PM,2,4
P-04,P-05,POWER,Nov 06 26,8:30 PM,2,6
P-02,P-03,POWER,Nov 06 26,7:00 PM,3,1
P-03,P-01,POWER,Nov 06 26,7:45 PM,3,2
P-02,P-01,POWER,Nov 06 26,8:30 PM,3,3
P-08,P-09,POWER,Nov 06 26,9:15 PM,3,7
P-09,P-07,POWER,Nov 06 26,10:00 PM,3,8
P-08,P-07,POWER,Nov 06 26,10:45 PM,3,9
A-07,A-08,ADVANCED,Nov 06 26,7:00 PM,1,16
A-08,A-16,ADVANCED,Nov 06 26,7:45 PM,1,7
A-07,A-16,ADVANCED,Nov 06 26,8:30 PM,1,8
A-10,A-04,ADVANCED,Nov 06 26,9:15 PM,1,17
A-04,A-17,ADVANCED,Nov 06 26,10:00 PM,1,10
A-10,A-17,ADVANCED,Nov 06 26,10:45 PM,1,4
S-07,S-08,SKILLED,Nov 06 26,7:00 PM,5,16
S-08,S-16,SKILLED,Nov 06 26,7:45 PM,5,7
S-07,S-16,SKILLED,Nov 06 26,8:30 PM,5,8
S-10,S-04,SKILLED,Nov 06 26,9:15 PM,5,17
S-04,S-17,SKILLED,Nov 06 26,10:00 PM,5,10
S-10,S-17,SKILLED,Nov 06 26,10:45 PM,5,4
S-14,S-09,SKILLED,Nov 06 26,7:00 PM,6,15
S-09,S-15,SKILLED,Nov 06 26,7:45 PM,6,14
S-14,S-15,SKILLED,Nov 06 26,8:30 PM,6,9
S-05,S-11,SKILLED,Nov 06 26,9:15 PM,6,1
S-11,S-01,SKILLED,Nov 06 26,10:00 PM,6,5
S-05,S-01,SKILLED,Nov 06 26,10:45 PM,6,11
A-14,A-09,ADVANCED,Nov 06 26,7:00 PM,7,15
A-09,A-15,ADVANCED,Nov 06 26,7:45 PM,7,14
A-14,A-15,ADVANCED,Nov 06 26,8:30 PM,7,9
A-05,A-11,ADVANCED,Nov 06 26,9:15 PM,7,1
A-11,A-01,ADVANCED,Nov 06 26,10:00 PM,7,5
A-05,A-01,ADVANCED,Nov 06 26,10:45 PM,7,11
A-03,A-13,ADVANCED,Nov 06 26,7:00 PM,8,2
A-13,A-02,ADVANCED,Nov 06 26,7:45 PM,8,3
A-03,A-02,ADVANCED,Nov 06 26,8:30 PM,8,13
A-06,A-18,ADVANCED,Nov 06 26,9:15 PM,8,12
A-18,A-12,ADVANCED,Nov 06 26,10:00 PM,8,6
A-06,A-12,ADVANCED,Nov 06 26,10:45 PM,8,18
C-07,C-08,COMPETITIVE,Nov 06 26,7:00 PM,9,16
C-08,C-16,COMPETITIVE,Nov 06 26,7:45 PM,9,7
C-07,C-16,COMPETITIVE,Nov 06 26,8:30 PM,9,8
C-10,C-04,COMPETITIVE,Nov 06 26,9:15 PM,9,17
C-04,C-17,COMPETITIVE,Nov 06 26,10:00 PM,9,10
C-10,C-17,COMPETITIVE,Nov 06 26,10:45 PM,9,4
C-14,C-09,COMPETITIVE,Nov 06 26,7:00 PM,10,15
C-09,C-15,COMPETITIVE,Nov 06 26,7:45 PM,10,14
C-14,C-15,COMPETITIVE,Nov 06 26,8:30 PM,10,9
C-05,C-11,COMPETITIVE,Nov 06 26,9:15 PM,10,1
C-11,C-01,COMPETITIVE,Nov 06 26,10:00 PM,10,5
C-05,C-01,COMPETITIVE,Nov 06 26,10:45 PM,10,11
C-03,C-13,COMPETITIVE,Nov 06 26,7:00 PM,11,2
C-13,C-02,COMPETITIVE,Nov 06 26,7:45 PM,11,3
C-03,C-02,COMPETITIVE,Nov 06 26,8:30 PM,11,13
C-06,C-18,COMPETITIVE,Nov 06 26,9:15 PM,11,12
C-18,C-12,COMPETITIVE,Nov 06 26,10:00 PM,11,6
C-06,C-12,COMPETITIVE,Nov 06 26,10:45 PM,11,18
S-03,S-13,SKILLED,Nov 06 26,7:00 PM,12,2
S-13,S-02,SKILLED,Nov 06 26,7:45 PM,12,3
S-03,S-02,SKILLED,Nov 06 26,8:30 PM,12,13
S-06,S-18,SKILLED,Nov 06 26,9:15 PM,12,12
S-18,S-12,SKILLED,Nov 06 26,10:00 PM,12,6
S-06,S-12,SKILLED,Nov 06 26,10:45 PM,12,18
I-07,I-07,INTERMEDIATE,Nov 06 26,7:00 PM,13,I13
I-05,I-05,INTERMEDIATE,Nov 06 26,7:45 PM,13,I7
I-07,I-07,INTERMEDIATE,Nov 06 26,8:30 PM,13,I5
I-08,I-08,INTERMEDIATE,Nov 06 26,9:15 PM,13,I11
I-02,I-02,INTERMEDIATE,Nov 06 26,10:00 PM,13,I8
I-08,I-08,INTERMEDIATE,Nov 06 26,10:45 PM,13,I2
I-12,I-12,INTERMEDIATE,Nov 06 26,7:00 PM,14,I15
I-01,I-01,INTERMEDIATE,Nov 06 26,7:45 PM,14,I12
I-12,I-12,INTERMEDIATE,Nov 06 26,8:30 PM,14,I1
I-06,I-06,INTERMEDIATE,Nov 06 26,9:15 PM,14,I10
I-04,I-04,INTERMEDIATE,Nov 06 26,10:00 PM,14,I6
I-06,I-06,INTERMEDIATE,Nov 06 26,10:45 PM,14,I4
R-04,R-06,RECREATIONAL,Nov 06 26,7:00 PM,15,5
R-06,R-05,RECREATIONAL,Nov 06 26,7:45 PM,15,4
R-04,R-05,RECREATIONAL,Nov 06 26,8:30 PM,15,6
I-09,I-09,INTERMEDIATE,Nov 06 26,9:15 PM,15,I14
I-03,I-03,INTERMEDIATE,Nov 06 26,10:00 PM,15,I9
I-09,I-09,INTERMEDIATE,Nov 06 26,10:45 PM,15,I3
R-02,R-03,RECREATIONAL,Nov 06 26,7:00 PM,16,1
R-03,R-01,RECREATIONAL,Nov 06 26,7:45 PM,16,2
R-02,R-01,RECREATIONAL,Nov 06 26,8:30 PM,16,3
R-08,R-09,RECREATIONAL,Nov 06 26,9:15 PM,16,7
R-09,R-07,RECREATIONAL,Nov 06 26,10:00 PM,16,8
R-08,R-07,RECREATIONAL,Nov 06 26,10:45 PM,16,9
E-02,E-05,ELITE,Nov 13 26,7:00 PM,4,4
E-05,E-04,ELITE,Nov 13 26,7:45 PM,4,2
E-02,E-04,ELITE,Nov 13 26,8:30 PM,4,5
E-03,E-01,ELITE,Nov 13 26,9:15 PM,4,6
E-01,E-06,ELITE,Nov 13 26,10:00 PM,4,3
E-03,E-06,ELITE,Nov 13 26,10:45 PM,4,1
P-08,P-05,POWER,Nov 13 26,9:15 PM,2,2
P-05,P-02,POWER,Nov 13 26,10:00 PM,2,8
P-08,P-02,POWER,Nov 13 26,10:45 PM,2,5
P-09,P-06,POWER,Nov 13 26,7:00 PM,3,3
P-06,P-03,POWER,Nov 13 26,7:45 PM,3,9
P-09,P-03,POWER,Nov 13 26,8:30 PM,3,6
P-07,P-04,POWER,Nov 13 26,9:15 PM,3,1
P-04,P-01,POWER,Nov 13 26,10:00 PM,3,7
P-07,P-01,POWER,Nov 13 26,10:45 PM,3,4
A-02,A-14,ADVANCED,Nov 13 26,7:00 PM,1,8
A-14,A-08,ADVANCED,Nov 13 26,7:45 PM,1,2
A-02,A-08,ADVANCED,Nov 13 26,8:30 PM,1,14
A-16,A-15,ADVANCED,Nov 13 26,9:15 PM,1,3
A-15,A-03,ADVANCED,Nov 13 26,10:00 PM,1,16
A-16,A-03,ADVANCED,Nov 13 26,10:45 PM,1,15
S-02,S-14,SKILLED,Nov 13 26,7:00 PM,5,8
S-14,S-08,SKILLED,Nov 13 26,7:45 PM,5,2
S-02,S-08,SKILLED,Nov 13 26,8:30 PM,5,14
S-16,S-15,SKILLED,Nov 13 26,9:15 PM,5,3
S-15,S-03,SKILLED,Nov 13 26,10:00 PM,5,16
S-16,S-03,SKILLED,Nov 13 26,10:45 PM,5,15
S-04,S-11,SKILLED,Nov 13 26,7:00 PM,6,7
S-11,S-07,SKILLED,Nov 13 26,7:45 PM,6,4
S-04,S-07,SKILLED,Nov 13 26,8:30 PM,6,11
S-10,S-05,SKILLED,Nov 13 26,9:15 PM,6,6
S-05,S-06,SKILLED,Nov 13 26,10:00 PM,6,10
S-10,S-06,SKILLED,Nov 13 26,10:45 PM,6,5
A-04,A-11,ADVANCED,Nov 13 26,7:00 PM,7,7
A-11,A-07,ADVANCED,Nov 13 26,7:45 PM,7,4
A-04,A-07,ADVANCED,Nov 13 26,8:30 PM,7,11
A-10,A-05,ADVANCED,Nov 13 26,9:15 PM,7,6
A-05,A-06,ADVANCED,Nov 13 26,10:00 PM,7,10
A-10,A-06,ADVANCED,Nov 13 26,10:45 PM,7,5
A-09,A-17,ADVANCED,Nov 13 26,7:00 PM,8,18
A-17,A-18,ADVANCED,Nov 13 26,7:45 PM,8,9
A-09,A-18,ADVANCED,Nov 13 26,8:30 PM,8,17
A-12,A-01,ADVANCED,Nov 13 26,9:15 PM,8,13
A-01,A-13,ADVANCED,Nov 13 26,10:00 PM,8,12
A-12,A-13,ADVANCED,Nov 13 26,10:45 PM,8,1
C-02,C-14,COMPETITIVE,Nov 13 26,7:00 PM,9,8
C-14,C-08,COMPETITIVE,Nov 13 26,7:45 PM,9,2
C-02,C-08,COMPETITIVE,Nov 13 26,8:30 PM,9,14
C-16,C-15,COMPETITIVE,Nov 13 26,9:15 PM,9,3
C-15,C-03,COMPETITIVE,Nov 13 26,10:00 PM,9,16
C-16,C-03,COMPETITIVE,Nov 13 26,10:45 PM,9,15
C-04,C-11,COMPETITIVE,Nov 13 26,7:00 PM,10,7
C-11,C-07,COMPETITIVE,Nov 13 26,7:45 PM,10,4
C-04,C-07,COMPETITIVE,Nov 13 26,8:30 PM,10,11
C-10,C-05,COMPETITIVE,Nov 13 26,9:15 PM,10,6
C-05,C-06,COMPETITIVE,Nov 13 26,10:00 PM,10,10
C-10,C-06,COMPETITIVE,Nov 13 26,10:45 PM,10,5
C-09,C-17,COMPETITIVE,Nov 13 26,7:00 PM,11,18
C-17,C-18,COMPETITIVE,Nov 13 26,7:45 PM,11,9
C-09,C-18,COMPETITIVE,Nov 13 26,8:30 PM,11,17
C-12,C-01,COMPETITIVE,Nov 13 26,9:15 PM,11,13
C-01,C-13,COMPETITIVE,Nov 13 26,10:00 PM,11,12
C-12,C-13,COMPETITIVE,Nov 13 26,10:45 PM,11,1
S-09,S-17,SKILLED,Nov 13 26,7:00 PM,12,18
S-17,S-18,SKILLED,Nov 13 26,7:45 PM,12,9
S-09,S-18,SKILLED,Nov 13 26,8:30 PM,12,17
S-12,S-01,SKILLED,Nov 13 26,9:15 PM,12,13
S-01,S-13,SKILLED,Nov 13 26,10:00 PM,12,12
S-12,S-13,SKILLED,Nov 13 26,10:45 PM,12,1
I-09,I-09,INTERMEDIATE,Nov 13 26,7:00 PM,13,I15
I-02,I-02,INTERMEDIATE,Nov 13 26,7:45 PM,13,I9
I-09,I-09,INTERMEDIATE,Nov 13 26,8:30 PM,13,I2
I-10,I-10,INTERMEDIATE,Nov 13 26,9:15 PM,13,I13
I-08,I-08,INTERMEDIATE,Nov 13 26,10:00 PM,13,I10
I-10,I-10,INTERMEDIATE,Nov 13 26,10:45 PM,13,I8
I-04,I-04,INTERMEDIATE,Nov 13 26,7:00 PM,14,I12
I-03,I-03,INTERMEDIATE,Nov 13 26,7:45 PM,14,I4
I-04,I-04,INTERMEDIATE,Nov 13 26,8:30 PM,14,I3
I-11,I-11,INTERMEDIATE,Nov 13 26,9:15 PM,14,I14
I-05,I-05,INTERMEDIATE,Nov 13 26,10:00 PM,14,I11
I-11,I-11,INTERMEDIATE,Nov 13 26,10:45 PM,14,I5
I-06,I-06,INTERMEDIATE,Nov 13 26,7:00 PM,15,I7
I-01,I-01,INTERMEDIATE,Nov 13 26,7:45 PM,15,I6
I-06,I-06,INTERMEDIATE,Nov 13 26,8:30 PM,15,I1
R-08,R-05,RECREATIONAL,Nov 13 26,9:15 PM,15,2
R-05,R-02,RECREATIONAL,Nov 13 26,10:00 PM,15,8
R-08,R-02,RECREATIONAL,Nov 13 26,10:45 PM,15,5
R-09,R-06,RECREATIONAL,Nov 13 26,7:00 PM,16,3
R-06,R-03,RECREATIONAL,Nov 13 26,7:45 PM,16,9
R-09,R-03,RECREATIONAL,Nov 13 26,8:30 PM,16,6
R-07,R-04,RECREATIONAL,Nov 13 26,9:15 PM,16,1
R-04,R-01,RECREATIONAL,Nov 13 26,10:00 PM,16,7
R-07,R-01,RECREATIONAL,Nov 13 26,10:45 PM,16,4
E-02,E-01,ELITE,Nov 20 26,7:00 PM,4,3
E-01,E-03,ELITE,Nov 20 26,7:45 PM,4,2
E-02,E-03,ELITE,Nov 20 26,8:30 PM,4,1
E-05,E-04,ELITE,Nov 20 26,9:15 PM,4,6
E-04,E-06,ELITE,Nov 20 26,10:00 PM,4,5
E-05,E-06,ELITE,Nov 20 26,10:45 PM,4,4
P-07,P-06,POWER,Nov 20 26,7:00 PM,2,2
P-06,P-02,POWER,Nov 20 26,7:45 PM,2,7
P-07,P-02,POWER,Nov 20 26,8:30 PM,2,6
P-09,P-05,POWER,Nov 20 26,7:00 PM,3,1
P-05,P-01,POWER,Nov 20 26,7:45 PM,3,9
P-09,P-01,POWER,Nov 20 26,8:30 PM,3,5
P-03,P-08,POWER,Nov 20 26,9:15 PM,3,4
P-08,P-04,POWER,Nov 20 26,10:00 PM,3,3
P-03,P-04,POWER,Nov 20 26,10:45 PM,3,8
A-13,A-06,ADVANCED,Nov 20 26,7:00 PM,1,16
A-06,A-16,ADVANCED,Nov 20 26,7:45 PM,1,13
A-13,A-16,ADVANCED,Nov 20 26,8:30 PM,1,6
A-01,A-14,ADVANCED,Nov 20 26,9:15 PM,1,10
A-14,A-10,ADVANCED,Nov 20 26,10:00 PM,1,1
A-01,A-10,ADVANCED,Nov 20 26,10:45 PM,1,14
S-13,S-06,SKILLED,Nov 20 26,7:00 PM,5,16
S-06,S-16,SKILLED,Nov 20 26,7:45 PM,5,13
S-13,S-16,SKILLED,Nov 20 26,8:30 PM,5,6
S-01,S-14,SKILLED,Nov 20 26,9:15 PM,5,10
S-14,S-10,SKILLED,Nov 20 26,10:00 PM,5,1
S-01,S-10,SKILLED,Nov 20 26,10:45 PM,5,14
S-08,S-05,SKILLED,Nov 20 26,7:00 PM,6,12
S-05,S-12,SKILLED,Nov 20 26,7:45 PM,6,8
S-08,S-12,SKILLED,Nov 20 26,8:30 PM,6,5
S-03,S-18,SKILLED,Nov 20 26,9:15 PM,6,4
S-18,S-04,SKILLED,Nov 20 26,10:00 PM,6,3
S-03,S-04,SKILLED,Nov 20 26,10:45 PM,6,18
A-08,A-05,ADVANCED,Nov 20 26,7:00 PM,7,12
A-05,A-12,ADVANCED,Nov 20 26,7:45 PM,7,8
A-08,A-12,ADVANCED,Nov 20 26,8:30 PM,7,5
A-03,A-18,ADVANCED,Nov 20 26,9:15 PM,7,4
A-18,A-04,ADVANCED,Nov 20 26,10:00 PM,7,3
A-03,A-04,ADVANCED,Nov 20 26,10:45 PM,7,18
A-17,A-09,ADVANCED,Nov 20 26,7:00 PM,8,2
A-09,A-02,ADVANCED,Nov 20 26,7:45 PM,8,17
A-17,A-02,ADVANCED,Nov 20 26,8:30 PM,8,9
A-15,A-07,ADVANCED,Nov 20 26,9:15 PM,8,11
A-07,A-11,ADVANCED,Nov 20 26,10:00 PM,8,15
A-15,A-11,ADVANCED,Nov 20 26,10:45 PM,8,7
C-13,C-06,COMPETITIVE,Nov 20 26,7:00 PM,9,16
C-06,C-16,COMPETITIVE,Nov 20 26,7:45 PM,9,13
C-13,C-16,COMPETITIVE,Nov 20 26,8:30 PM,9,6
C-01,C-14,COMPETITIVE,Nov 20 26,9:15 PM,9,10
C-14,C-10,COMPETITIVE,Nov 20 26,10:00 PM,9,1
C-01,C-10,COMPETITIVE,Nov 20 26,10:45 PM,9,14
C-08,C-05,COMPETITIVE,Nov 20 26,7:00 PM,10,12
C-05,C-12,COMPETITIVE,Nov 20 26,7:45 PM,10,8
C-08,C-12,COMPETITIVE,Nov 20 26,8:30 PM,10,5
C-03,C-18,COMPETITIVE,Nov 20 26,9:15 PM,10,4
C-18,C-04,COMPETITIVE,Nov 20 26,10:00 PM,10,3
C-03,C-04,COMPETITIVE,Nov 20 26,10:45 PM,10,18
C-17,C-09,COMPETITIVE,Nov 20 26,7:00 PM,11,2
C-09,C-02,COMPETITIVE,Nov 20 26,7:45 PM,11,17
C-17,C-02,COMPETITIVE,Nov 20 26,8:30 PM,11,9
C-15,C-07,COMPETITIVE,Nov 20 26,9:15 PM,11,11
C-07,C-11,COMPETITIVE,Nov 20 26,10:00 PM,11,15
C-15,C-11,COMPETITIVE,Nov 20 26,10:45 PM,11,7
S-17,S-09,SKILLED,Nov 20 26,7:00 PM,12,2
S-09,S-02,SKILLED,Nov 20 26,7:45 PM,12,17
S-17,S-02,SKILLED,Nov 20 26,8:30 PM,12,9
S-15,S-07,SKILLED,Nov 20 26,9:15 PM,12,11
S-07,S-11,SKILLED,Nov 20 26,10:00 PM,12,15
S-15,S-11,SKILLED,Nov 20 26,10:45 PM,12,7
I-07,I-07,INTERMEDIATE,Nov 20 26,7:00 PM,13,I9
I-04,I-04,INTERMEDIATE,Nov 20 26,7:45 PM,13,I7
I-07,I-07,INTERMEDIATE,Nov 20 26,8:30 PM,13,I4
I-11,I-11,INTERMEDIATE,Nov 20 26,9:15 PM,13,I13
I-03,I-03,INTERMEDIATE,Nov 20 26,10:00 PM,13,I11
I-11,I-11,INTERMEDIATE,Nov 20 26,10:45 PM,13,I3
I-08,I-08,INTERMEDIATE,Nov 20 26,7:00 PM,14,I15
I-06,I-06,INTERMEDIATE,Nov 20 26,7:45 PM,14,I8
I-08,I-08,INTERMEDIATE,Nov 20 26,8:30 PM,14,I6
I-10,I-10,INTERMEDIATE,Nov 20 26,9:15 PM,14,I14
I-01,I-01,INTERMEDIATE,Nov 20 26,10:00 PM,14,I10
I-10,I-10,INTERMEDIATE,Nov 20 26,10:45 PM,14,I1
R-07,R-06,RECREATIONAL,Nov 20 26,7:00 PM,15,2
R-06,R-02,RECREATIONAL,Nov 20 26,7:45 PM,15,7
R-07,R-02,RECREATIONAL,Nov 20 26,8:30 PM,15,6
I-05,I-05,INTERMEDIATE,Nov 20 26,9:15 PM,15,I12
I-02,I-02,INTERMEDIATE,Nov 20 26,10:00 PM,15,I5
I-05,I-05,INTERMEDIATE,Nov 20 26,10:45 PM,15,I2
R-09,R-05,RECREATIONAL,Nov 20 26,7:00 PM,16,1
R-05,R-01,RECREATIONAL,Nov 20 26,7:45 PM,16,9
R-09,R-01,RECREATIONAL,Nov 20 26,8:30 PM,16,5
R-03,R-08,RECREATIONAL,Nov 20 26,9:15 PM,16,4
R-08,R-04,RECREATIONAL,Nov 20 26,10:00 PM,16,3
R-03,R-04,RECREATIONAL,Nov 20 26,10:45 PM,16,8
