Date,Team,Win,Loss,Tie,Diff,Division,Cum_Win,Cum_Loss,Cum_Tie,Cum_Diff,Season,Standing
01-30-2026,A-08 Crayon Crunchers,4,0,0,38.0,A,4,0,0,38.0,Spring,1
01-30-2026,A-16 50 Shades of Slay,4,0,0,8.0,A,4,0,0,8.0,Spring,2
01-30-2026,A-07 Orange You Glad We Serve,3,1,0,15.0,A,3,1,0,15.0,Spring,3
01-30-2026,A-14 ROYGDig,3,1,0,9.0,A,3,1,0,9.0,Spring,4
01-30-2026,A-18 Rosebuds,3,1,0,6.0,A,3,1,0,6.0,Spring,5
01-30-2026,A-02 Fifty Shades of Gay,2,1,1,17.0,A,2,1,1,17.0,Spring,6
01-30-2026,A-04,2,1,1,6.0,A,2,1,1,6.0,Spring,7
01-30-2026,A-01 Hue’s Your Daddy,2,1,1,4.0,A,2,1,1,4.0,Spring,8
01-30-2026,A-05 Send Nudes,2,2,0,7.0,A,2,2,0,7.0,Spring,9
01-30-2026,A-03 Chromatic Chaos,2,2,0,-4.0,A,2,2,0,-4.0,Spring,10
01-30-2026,A-11 Paint the Town Red,2,2,0,-13.0,A,2,2,0,-13.0,Spring,11
01-30-2026,A-13 Blue Ball Control,1,3,0,-1.0,A,1,3,0,-1.0,Spring,12
01-30-2026,A-10,1,3,0,-7.0,A,1,3,0,-7.0,Spring,13
01-30-2026,A-15 Spikadelic,1,3,0,-11.0,A,1,3,0,-11.0,Spring,14
01-30-2026,A-06 Red Bottoms,1,3,0,-13.0,A,1,3,0,-13.0,Spring,15
01-30-2026,A-09 Serve the Rainbow,1,3,0,-21.0,A,1,3,0,-21.0,Spring,16
01-30-2026,A-17 Brown Beaver Baddies,0,3,1,-15.0,A,0,3,1,-15.0,Spring,17
01-30-2026,A-12 Mint Condition,0,4,0,-25.0,A,0,4,0,-25.0,Spring,18
02-06-2026,A-16 50 Shades of Slay,2,2,0,-4.0,A,6,2,0,4.0,Spring,1
02-06-2026,A-01 Hue’s Your Daddy,3,1,0,20.0,A,5,2,1,24.0,Spring,2
02-06-2026,A-11 Paint the Town Red,3,1,0,17.0,A,5,3,0,4.0,Spring,3
02-06-2026,A-07 Orange You Glad We Serve,2,2,0,-17.0,A,5,3,0,-2.0,Spring,4
02-06-2026,A-02 Fifty Shades of Gay,2,2,0,10.0,A,4,3,1,27.0,Spring,5
02-06-2026,A-08 Crayon Crunchers,0,3,1,-21.0,A,4,3,1,17.0,Spring,6
02-06-2026,A-15 Spikadelic,3,0,1,20.0,A,4,3,1,9.0,Spring,7
02-06-2026,A-10,3,1,0,25.0,A,4,4,0,18.0,Spring,8
02-06-2026,A-18 Rosebuds,1,3,0,7.0,A,4,4,0,13.0,Spring,9
02-06-2026,A-13 Blue Ball Control,3,1,0,10.0,A,4,4,0,9.0,Spring,10
02-06-2026,A-05 Send Nudes,2,2,0,1.0,A,4,4,0,8.0,Spring,11
02-06-2026,A-06 Red Bottoms,2,1,1,9.0,A,3,4,1,-4.0,Spring,12
02-06-2026,A-14 ROYGDig,0,3,1,-26.0,A,3,4,1,-17.0,Spring,13
02-06-2026,A-04,1,3,0,-35.0,A,3,4,1,-29.0,Spring,14
02-06-2026,A-12 Mint Condition,3,1,0,30.0,A,3,5,0,5.0,Spring,15
02-06-2026,A-03 Chromatic Chaos,1,3,0,-16.0,A,3,5,0,-20.0,Spring,16
02-06-2026,A-09 Serve the Rainbow,2,2,0,-3.0,A,3,5,0,-24.0,Spring,17
02-06-2026,A-17 Brown Beaver Baddies,1,3,0,-27.0,A,1,6,1,-42.0,Spring,18
02-20-2026,A-16 50 Shades of Slay,3,1,0,11.0,A,9,3,0,15.0,Spring,1
02-20-2026,A-01 Hue’s Your Daddy,3,1,0,2.0,A,8,3,1,26.0,Spring,2
02-20-2026,A-05 Send Nudes,4,0,0,23.0,A,8,4,0,31.0,Spring,3
02-20-2026,A-07 Orange You Glad We Serve,3,1,0,21.0,A,8,4,0,19.0,Spring,4
02-20-2026,A-18 Rosebuds,3,0,1,19.0,A,7,4,1,32.0,Spring,5
02-20-2026,A-10,3,1,0,25.0,A,7,5,0,43.0,Spring,6
02-20-2026,A-15 Spikadelic,2,2,0,-6.0,A,6,5,1,3.0,Spring,7
02-20-2026,A-13 Blue Ball Control,2,2,0,14.0,A,6,6,0,23.0,Spring,8
02-20-2026,A-11 Paint the Town Red,1,3,0,-19.0,A,6,6,0,-15.0,Spring,9
02-20-2026,A-02 Fifty Shades of Gay,1,3,0,-4.0,A,5,6,1,23.0,Spring,10
02-20-2026,A-08 Crayon Crunchers,1,3,0,-12.0,A,5,6,1,5.0,Spring,11
02-20-2026,A-04,2,2,0,-2.0,A,5,6,1,-31.0,Spring,12
02-20-2026,A-14 ROYGDig,1,2,1,-7.0,A,4,6,2,-24.0,Spring,13
02-20-2026,A-06 Red Bottoms,1,3,0,-28.0,A,4,7,1,-32.0,Spring,14
02-20-2026,A-12 Mint Condition,1,3,0,-16.0,A,4,8,0,-11.0,Spring,15
02-20-2026,A-09 Serve the Rainbow,1,3,0,-9.0,A,4,8,0,-33.0,Spring,16
02-20-2026,A-03 Chromatic Chaos,1,3,0,-19.0,A,4,8,0,-39.0,Spring,17
02-20-2026,A-17 Brown Beaver Baddies,2,2,0,7.0,A,3,8,1,-35.0,Spring,18
02-27-2026,A-07 Orange You Glad We Serve,4,0,0,47.0,A,12,4,0,66.0,Spring,1
02-27-2026,A-05 Send Nudes,3,1,0,-3.0,A,11,5,0,28.0,Spring,2
02-27-2026,A-16 50 Shades of Slay,2,2,0,10.0,A,11,5,0,25.0,Spring,3
02-27-2026,A-18 Rosebuds,3,1,0,0.0,A,10,5,1,32.0,Spring,4
02-27-2026,A-01 Hue’s Your Daddy,2,2,0,4.0,A,10,5,1,30.0,Spring,5
02-27-2026,A-13 Blue Ball Control,4,0,0,39.0,A,10,6,0,62.0,Spring,6
02-27-2026,A-15 Spikadelic,3,1,0,14.0,A,9,6,1,17.0,Spring,7
02-27-2026,A-10,2,2,0,10.0,A,9,7,0,53.0,Spring,8
02-27-2026,A-14 ROYGDig,4,0,0,27.0,A,8,6,2,3.0,Spring,9
02-27-2026,A-06 Red Bottoms,3,1,0,15.0,A,7,8,1,-17.0,Spring,10
02-27-2026,A-04,2,2,0,-12.0,A,7,8,1,-43.0,Spring,11
02-27-2026,A-11 Paint the Town Red,1,3,0,-4.0,A,7,9,0,-19.0,Spring,12
02-27-2026,A-08 Crayon Crunchers,1,3,0,-8.0,A,6,9,1,-3.0,Spring,13
02-27-2026,A-02 Fifty Shades of Gay,0,4,0,-29.0,A,5,10,1,-6.0,Spring,14
02-27-2026,A-09 Serve the Rainbow,1,3,0,-39.0,A,5,11,0,-72.0,Spring,15
02-27-2026,A-17 Brown Beaver Baddies,1,3,0,-7.0,A,4,11,1,-42.0,Spring,16
02-27-2026,A-12 Mint Condition,0,4,0,-37.0,A,4,12,0,-48.0,Spring,17
02-27-2026,A-03 Chromatic Chaos,0,4,0,-27.0,A,4,12,0,-66.0,Spring,18
03-06-2026,A-07 Orange You Glad We Serve,4,0,0,28.0,A,16,4,0,94.0,Spring,1
03-06-2026,A-05 Send Nudes,3,1,0,6.0,A,14,6,0,34.0,Spring,2
03-06-2026,A-18 Rosebuds,3,1,0,10.0,A,13,6,1,42.0,Spring,3
03-06-2026,A-15 Spikadelic,3,1,0,36.0,A,12,7,1,53.0,Spring,4
03-06-2026,A-10,3,1,0,22.0,A,12,8,0,75.0,Spring,5
03-06-2026,A-14 ROYGDig,3,1,0,-4.0,A,11,7,2,-1.0,Spring,6
03-06-2026,A-13 Blue Ball Control,1,3,0,-7.0,A,11,9,0,55.0,Spring,7
03-06-2026,A-16 50 Shades of Slay,0,4,0,-14.0,A,11,9,0,11.0,Spring,8
03-06-2026,A-01 Hue’s Your Daddy,0,4,0,-28.0,A,10,9,1,2.0,Spring,9
03-06-2026,A-08 Crayon Crunchers,3,0,1,16.0,A,9,9,2,13.0,Spring,10
03-06-2026,A-06 Red Bottoms,2,1,1,-2.0,A,9,9,2,-19.0,Spring,11
03-06-2026,A-11 Paint the Town Red,2,2,0,3.0,A,9,11,0,-16.0,Spring,12
03-06-2026,A-02 Fifty Shades of Gay,2,2,0,11.0,A,7,12,1,5.0,Spring,13
03-06-2026,A-04,0,4,0,-28.0,A,7,12,1,-71.0,Spring,14
03-06-2026,A-09 Serve the Rainbow,2,2,0,3.0,A,7,13,0,-69.0,Spring,15
03-06-2026,A-12 Mint Condition,2,2,0,0.0,A,6,14,0,-48.0,Spring,16
03-06-2026,A-03 Chromatic Chaos,2,2,0,-6.0,A,6,14,0,-72.0,Spring,17
03-06-2026,A-17 Brown Beaver Baddies,0,4,0,-46.0,A,4,15,1,-88.0,Spring,18
03-20-2026,A-07 Orange You Glad We Serve,1,3,0,-8.0,A,17,7,0,86.0,Spring,1
03-20-2026,A-05 Send Nudes,3,1,0,16.0,A,17,7,0,50.0,Spring,2
03-20-2026,A-10,4,0,0,23.0,A,16,8,0,98.0,Spring,3
03-20-2026,A-15 Spikadelic,3,1,0,18.0,A,15,8,1,71.0,Spring,4
03-20-2026,A-18 Rosebuds,2,2,0,4.0,A,15,8,1,46.0,Spring,5
03-20-2026,A-16 50 Shades of Slay,4,0,0,14.0,A,15,9,0,25.0,Spring,6
03-20-2026,A-13 Blue Ball Control,3,1,0,25.0,A,14,10,0,80.0,Spring,7
03-20-2026,A-14 ROYGDig,2,2,0,-8.0,A,13,9,2,-9.0,Spring,8
03-20-2026,A-01 Hue’s Your Daddy,3,1,0,1.0,A,13,10,1,3.0,Spring,9
03-20-2026,A-06 Red Bottoms,3,1,0,22.0,A,12,10,2,3.0,Spring,10
03-20-2026,A-11 Paint the Town Red,3,1,0,53.0,A,12,12,0,37.0,Spring,11
03-20-2026,A-02 Fifty Shades of Gay,3,1,0,47.0,A,10,13,1,52.0,Spring,12
03-20-2026,A-08 Crayon Crunchers,0,4,0,-15.0,A,9,13,2,-2.0,Spring,13
03-20-2026,A-03 Chromatic Chaos,2,2,0,-8.0,A,8,16,0,-80.0,Spring,14
03-20-2026,A-04,0,4,0,-23.0,A,7,16,1,-94.0,Spring,15
03-20-2026,A-09 Serve the Rainbow,0,4,0,-43.0,A,7,17,0,-112.0,Spring,16
03-20-2026,A-12 Mint Condition,0,4,0,-18.0,A,6,18,0,-66.0,Spring,17
03-20-2026,A-17 Brown Beaver Baddies,0,4,0,-100.0,A,4,19,1,-188.0,Spring,18
03-27-2026,A-07 Orange You Glad We Serve,3,1,0,11.0,A,20,8,0,97.0,Spring,1
03-27-2026,A-05 Send Nudes,2,2,0,6.0,A,19,9,0,56.0,Spring,2
03-27-2026,A-18 Rosebuds,3,0,1,25.0,A,18,8,2,71.0,Spring,3
03-27-2026,A-15 Spikadelic,3,1,0,2.0,A,18,9,1,73.0,Spring,4
03-27-2026,A-10,2,2,0,-2.0,A,18,10,0,96.0,Spring,5
03-27-2026,A-14 ROYGDig,3,1,0,20.0,A,16,10,2,11.0,Spring,6
03-27-2026,A-13 Blue Ball Control,2,2,0,-2.0,A,16,12,0,78.0,Spring,7
03-27-2026,A-16 50 Shades of Slay,1,3,0,-4.0,A,16,12,0,21.0,Spring,8
03-27-2026,A-01 Hue’s Your Daddy,1,2,1,-7.0,A,14,12,2,-4.0,Spring,9
03-27-2026,A-11 Paint the Town Red,2,2,0,-4.0,A,14,14,0,33.0,Spring,10
03-27-2026,A-06 Red Bottoms,1,3,0,-9.0,A,13,13,2,-6.0,Spring,11
03-27-2026,A-02 Fifty Shades of Gay,2,2,0,3.0,A,12,15,1,55.0,Spring,12
03-27-2026,A-08 Crayon Crunchers,1,3,0,-3.0,A,10,16,2,-5.0,Spring,13
03-27-2026,A-09 Serve the Rainbow,3,1,0,32.0,A,10,18,0,-80.0,Spring,14
03-27-2026,A-04,2,2,0,2.0,A,9,18,1,-92.0,Spring,15
03-27-2026,A-12 Mint Condition,3,1,0,0.0,A,9,19,0,-66.0,Spring,16
03-27-2026,A-03 Chromatic Chaos,0,4,0,-52.0,A,8,20,0,-132.0,Spring,17
03-27-2026,A-17 Brown Beaver Baddies,1,3,0,-18.0,A,5,22,1,-206.0,Spring,18
04-10-2026,A-07 Orange You Glad We Serve,3,1,0,21.0,A,23,9,0,118.0,Spring,1
04-10-2026,A-05 Send Nudes,3,1,0,4.0,A,22,10,0,60.0,Spring,2
04-10-2026,A-15 Spikadelic,3,1,0,5.0,A,21,10,1,78.0,Spring,3
04-10-2026,A-10,3,1,0,40.0,A,21,11,0,136.0,Spring,4
04-10-2026,A-18 Rosebuds,2,2,0,-2.0,A,20,10,2,69.0,Spring,5
04-10-2026,A-14 ROYGDig,3,1,0,3.0,A,19,11,2,14.0,Spring,6
04-10-2026,A-01 Hue’s Your Daddy,3,1,0,48.0,A,17,13,2,44.0,Spring,7
04-10-2026,A-13 Blue Ball Control,1,3,0,-5.0,A,17,15,0,73.0,Spring,8
04-10-2026,A-16 50 Shades of Slay,1,3,0,-18.0,A,17,15,0,3.0,Spring,9
04-10-2026,A-11 Paint the Town Red,2,2,0,-3.0,A,16,16,0,30.0,Spring,10
04-10-2026,A-06 Red Bottoms,2,2,0,-5.0,A,15,15,2,-11.0,Spring,11
04-10-2026,A-08 Crayon Crunchers,3,1,0,52.0,A,13,17,2,47.0,Spring,12
04-10-2026,A-02 Fifty Shades of Gay,1,3,0,-1.0,A,13,18,1,54.0,Spring,13
04-10-2026,A-09 Serve the Rainbow,3,1,0,10.0,A,13,19,0,-70.0,Spring,14
04-10-2026,A-03 Chromatic Chaos,2,2,0,-15.0,A,10,22,0,-147.0,Spring,15
04-10-2026,A-04,0,4,0,-100.0,A,9,22,1,-192.0,Spring,16
04-10-2026,A-12 Mint Condition,0,4,0,-9.0,A,9,23,0,-75.0,Spring,17
04-10-2026,A-17 Brown Beaver Baddies,1,3,0,-25.0,A,6,25,1,-231.0,Spring,18
04-17-2026,A-07 Orange You Glad We Serve,4,0,0,40.0,A,27,9,0,158.0,Spring,1
04-17-2026,A-10,4,0,0,44.0,A,25,11,0,180.0,Spring,2
04-17-2026,A-18 Rosebuds,4,0,0,13.0,A,24,10,2,82.0,Spring,3
04-17-2026,A-05 Send Nudes,2,2,0,0.0,A,24,12,0,60.0,Spring,4
04-17-2026,A-15 Spikadelic,2,2,0,-8.0,A,23,12,1,70.0,Spring,5
04-17-2026,A-14 ROYGDig,3,1,0,18.0,A,22,12,2,32.0,Spring,6
04-17-2026,A-16 50 Shades of Slay,3,1,0,5.0,A,20,16,0,8.0,Spring,7
04-17-2026,A-13 Blue Ball Control,2,1,1,8.0,A,19,16,1,81.0,Spring,8
04-17-2026,A-11 Paint the Town Red,3,1,0,16.0,A,19,17,0,46.0,Spring,9
04-17-2026,A-01 Hue’s Your Daddy,0,4,0,-15.0,A,17,17,2,29.0,Spring,10
04-17-2026,A-06 Red Bottoms,0,3,1,-24.0,A,15,18,3,-35.0,Spring,11
04-17-2026,A-08 Crayon Crunchers,2,2,0,-25.0,A,15,19,2,22.0,Spring,12
04-17-2026,A-02 Fifty Shades of Gay,2,2,0,-7.0,A,15,20,1,47.0,Spring,13
04-17-2026,A-09 Serve the Rainbow,2,2,0,7.0,A,15,21,0,-63.0,Spring,14
04-17-2026,A-04,2,2,0,9.0,A,11,24,1,-183.0,Spring,15
04-17-2026,A-03 Chromatic Chaos,0,4,0,-22.0,A,10,26,0,-169.0,Spring,16
04-17-2026,A-12 Mint Condition,0,4,0,-23.0,A,9,27,0,-98.0,Spring,17
04-17-2026,A-17 Brown Beaver Baddies,0,4,0,-36.0,A,6,29,1,-267.0,Spring,18
04-24-2026,A-07 Orange You Glad We Serve,3,1,0,22.0,A,30,10,0,180.0,Spring,1
04-24-2026,A-10,4,0,0,61.0,A,29,11,0,241.0,Spring,2
04-24-2026,A-05 Send Nudes,3,1,0,14.0,A,27,13,0,74.0,Spring,3
04-24-2026,A-18 Rosebuds,0,4,0,-28.0,A,24,14,2,54.0,Spring,4
04-24-2026,A-14 ROYGDig,2,2,0,10.0,A,24,14,2,42.0,Spring,5
04-24-2026,A-15 Spikadelic,1,3,0,-14.0,A,24,15,1,56.0,Spring,6
04-24-2026,A-16 50 Shades of Slay,3,1,0,1.0,A,23,17,0,9.0,Spring,7
04-24-2026,A-13 Blue Ball Control,2,2,0,8.0,A,21,18,1,89.0,Spring,8
04-24-2026,A-01 Hue’s Your Daddy,3,1,0,0.0,A,20,18,2,29.0,Spring,9
04-24-2026,A-11 Paint the Town Red,1,3,0,-11.0,A,20,20,0,35.0,Spring,10
04-24-2026,A-08 Crayon Crunchers,3,1,0,6.0,A,18,20,2,28.0,Spring,11
04-24-2026,A-09 Serve the Rainbow,3,1,0,14.0,A,18,22,0,-49.0,Spring,12
04-24-2026,A-02 Fifty Shades of Gay,2,2,0,39.0,A,17,22,1,86.0,Spring,13
04-24-2026,A-06 Red Bottoms,1,3,0,1.0,A,16,21,3,-34.0,Spring,14
04-24-2026,A-03 Chromatic Chaos,2,2,0,-1.0,A,12,28,0,-170.0,Spring,15
04-24-2026,A-04,0,4,0,-100.0,A,11,28,1,-283.0,Spring,16
04-24-2026,A-12 Mint Condition,1,3,0,-4.0,A,10,30,0,-102.0,Spring,17
04-24-2026,A-17 Brown Beaver Baddies,2,2,0,-18.0,A,8,31,1,-285.0,Spring,18
05-01-2026,A-07 Orange You Glad We Serve,0,0,0,0.0,A,30,10,0,180.0,Spring,1
05-01-2026,A-10,0,0,0,0.0,A,29,11,0,241.0,Spring,2
05-01-2026,A-05 Send Nudes,0,0,0,0.0,A,27,13,0,74.0,Spring,3
05-01-2026,A-18 Rosebuds,0,0,0,0.0,A,24,14,2,54.0,Spring,4
05-01-2026,A-14 ROYGDig,0,0,0,0.0,A,24,14,2,42.0,Spring,5
05-01-2026,A-15 Spikadelic,0,0,0,0.0,A,24,15,1,56.0,Spring,6
05-01-2026,A-16 50 Shades of Slay,0,0,0,0.0,A,23,17,0,9.0,Spring,7
05-01-2026,A-13 Blue Ball Control,0,0,0,0.0,A,21,18,1,89.0,Spring,8
05-01-2026,A-01 Hue’s Your Daddy,0,0,0,0.0,A,20,18,2,29.0,Spring,9
05-01-2026,A-11 Paint the Town Red,0,0,0,0.0,A,20,20,0,35.0,Spring,10
05-01-2026,A-08 Crayon Crunchers,0,0,0,0.0,A,18,20,2,28.0,Spring,11
05-01-2026,A-09 Serve the Rainbow,0,0,0,0.0,A,18,22,0,-49.0,Spring,12
05-01-2026,A-02 Fifty Shades of Gay,0,0,0,0.0,A,17,22,1,86.0,Spring,13
05-01-2026,A-06 Red Bottoms,0,0,0,0.0,A,16,21,3,-34.0,Spring,14
05-01-2026,A-03 Chromatic Chaos,0,0,0,0.0,A,12,28,0,-170.0,Spring,15
05-01-2026,A-04,0,0,0,0.0,A,11,28,1,-283.0,Spring,16
05-01-2026,A-12 Mint Condition,0,0,0,0.0,A,10,30,0,-102.0,Spring,17
05-01-2026,A-17 Brown Beaver Baddies,0,0,0,0.0,A,8,31,1,-285.0,Spring,18
01-30-2026,"C-03 Sugar, Spike and",4,0,0,30.0,C,4,0,0,30.0,Spring,1
01-30-2026,C-05 Dragon Ballz Deep,3,1,0,24.0,C,3,1,0,24.0,Spring,2
01-30-2026,C-17 Scooby Do Me,3,1,0,19.0,C,3,1,0,19.0,Spring,3
01-30-2026,C-01 Avatar: Net Benders,3,1,0,12.0,C,3,1,0,12.0,Spring,4
01-30-2026,C-06 SpongeBall Spikepants,3,1,0,12.0,C,3,1,0,12.0,Spring,5
01-30-2026,C-14 Diva Slayers,3,1,0,9.0,C,3,1,0,9.0,Spring,6
01-30-2026,C-11 Trans Performers,3,1,0,5.0,C,3,1,0,5.0,Spring,7
01-30-2026,"C-02 Ed, Edd n Edging!",2,2,0,7.0,C,2,2,0,7.0,Spring,8
01-30-2026,C-13 Thunder Kills,2,2,0,5.0,C,2,2,0,5.0,Spring,9
01-30-2026,C-07 Sailor Spikers,2,2,0,5.0,C,2,2,0,5.0,Spring,10
01-30-2026,C-16 The IncrediBalls,2,2,0,0.0,C,2,2,0,0.0,Spring,11
01-30-2026,C-12 The Magic Spikebus,2,2,0,-1.0,C,2,2,0,-1.0,Spring,12
01-30-2026,C-10 Courage the Cowardly Dig,2,2,0,-5.0,C,2,2,0,-5.0,Spring,13
01-30-2026,C-08 Blocker's Home for Unimaginative Hitters,1,3,0,-4.0,C,1,3,0,-4.0,Spring,14
01-30-2026,C-09 The Netsons,1,3,0,-19.0,C,1,3,0,-19.0,Spring,15
01-30-2026,C-04 Peppa Dig,0,4,0,-28.0,C,0,4,0,-28.0,Spring,16
01-30-2026,C-15 Powerpuff Passers,0,4,0,-35.0,C,0,4,0,-35.0,Spring,17
01-30-2026,C-18 Straw Hat Striker,0,4,0,-36.0,C,0,4,0,-36.0,Spring,18
02-06-2026,C-05 Dragon Ballz Deep,4,0,0,25.0,C,7,1,0,49.0,Spring,1
02-06-2026,C-06 SpongeBall Spikepants,4,0,0,25.0,C,7,1,0,37.0,Spring,2
02-06-2026,C-17 Scooby Do Me,3,1,0,16.0,C,6,2,0,35.0,Spring,3
02-06-2026,C-01 Avatar: Net Benders,3,1,0,19.0,C,6,2,0,31.0,Spring,4
02-06-2026,C-13 Thunder Kills,4,0,0,20.0,C,6,2,0,25.0,Spring,5
02-06-2026,"C-03 Sugar, Spike and",1,3,0,-21.0,C,5,3,0,9.0,Spring,6
02-06-2026,C-12 The Magic Spikebus,3,1,0,10.0,C,5,3,0,9.0,Spring,7
02-06-2026,C-11 Trans Performers,2,2,0,-2.0,C,5,3,0,3.0,Spring,8
02-06-2026,"C-02 Ed, Edd n Edging!",2,1,1,8.0,C,4,3,1,15.0,Spring,9
02-06-2026,C-10 Courage the Cowardly Dig,2,1,1,5.0,C,4,3,1,0.0,Spring,10
02-06-2026,C-16 The IncrediBalls,2,2,0,2.0,C,4,4,0,2.0,Spring,11
02-06-2026,C-08 Blocker's Home for Unimaginative Hitters,2,2,0,10.0,C,3,5,0,6.0,Spring,12
02-06-2026,C-07 Sailor Spikers,1,3,0,-9.0,C,3,5,0,-4.0,Spring,13
02-06-2026,C-14 Diva Slayers,0,4,0,-23.0,C,3,5,0,-14.0,Spring,14
02-06-2026,C-04 Peppa Dig,1,3,0,-13.0,C,1,7,0,-41.0,Spring,15
02-06-2026,C-09 The Netsons,0,4,0,-26.0,C,1,7,0,-45.0,Spring,16
02-06-2026,C-18 Straw Hat Striker,1,3,0,-11.0,C,1,7,0,-47.0,Spring,17
02-06-2026,C-15 Powerpuff Passers,0,4,0,-35.0,C,0,8,0,-70.0,Spring,18
02-20-2026,C-06 SpongeBall Spikepants,4,0,0,18.0,C,11,1,0,55.0,Spring,1
02-20-2026,C-05 Dragon Ballz Deep,2,2,0,4.0,C,9,3,0,53.0,Spring,2
02-20-2026,C-13 Thunder Kills,3,1,0,22.0,C,9,3,0,47.0,Spring,3
02-20-2026,C-10 Courage the Cowardly Dig,4,0,0,19.0,C,8,3,1,19.0,Spring,4
02-20-2026,C-01 Avatar: Net Benders,2,2,0,-2.0,C,8,4,0,29.0,Spring,5
02-20-2026,C-11 Trans Performers,2,2,0,15.0,C,7,5,0,18.0,Spring,6
02-20-2026,"C-03 Sugar, Spike and",2,2,0,-3.0,C,7,5,0,6.0,Spring,7
02-20-2026,"C-02 Ed, Edd n Edging!",2,2,0,-1.0,C,6,5,1,14.0,Spring,8
02-20-2026,C-17 Scooby Do Me,0,4,0,-21.0,C,6,6,0,14.0,Spring,9
02-20-2026,C-14 Diva Slayers,3,1,0,21.0,C,6,6,0,7.0,Spring,10
02-20-2026,C-16 The IncrediBalls,2,2,0,-3.0,C,6,6,0,-1.0,Spring,11
02-20-2026,C-12 The Magic Spikebus,1,3,0,-20.0,C,6,6,0,-11.0,Spring,12
02-20-2026,C-07 Sailor Spikers,2,2,0,3.0,C,5,7,0,-1.0,Spring,13
02-20-2026,C-08 Blocker's Home for Unimaginative Hitters,1,3,0,-17.0,C,4,8,0,-11.0,Spring,14
02-20-2026,C-04 Peppa Dig,2,2,0,4.0,C,3,9,0,-37.0,Spring,15
02-20-2026,C-09 The Netsons,2,2,0,-1.0,C,3,9,0,-46.0,Spring,16
02-20-2026,C-18 Straw Hat Striker,2,2,0,-4.0,C,3,9,0,-51.0,Spring,17
02-20-2026,C-15 Powerpuff Passers,0,4,0,-34.0,C,0,12,0,-104.0,Spring,18
02-27-2026,C-06 SpongeBall Spikepants,2,2,0,-4.0,C,13,3,0,51.0,Spring,1
02-27-2026,C-05 Dragon Ballz Deep,2,1,1,14.0,C,11,4,1,67.0,Spring,2
02-27-2026,C-13 Thunder Kills,2,2,0,17.0,C,11,5,0,64.0,Spring,3
02-27-2026,C-14 Diva Slayers,4,0,0,21.0,C,10,6,0,28.0,Spring,4
02-27-2026,"C-03 Sugar, Spike and",3,1,0,1.0,C,10,6,0,7.0,Spring,5
02-27-2026,C-16 The IncrediBalls,3,0,1,13.0,C,9,6,1,12.0,Spring,6
02-27-2026,C-10 Courage the Cowardly Dig,1,3,0,-18.0,C,9,6,1,1.0,Spring,7
02-27-2026,C-01 Avatar: Net Benders,1,3,0,0.0,C,9,7,0,29.0,Spring,8
02-27-2026,C-11 Trans Performers,2,2,0,0.0,C,9,7,0,18.0,Spring,9
02-27-2026,"C-02 Ed, Edd n Edging!",2,2,0,2.0,C,8,7,1,16.0,Spring,10
02-27-2026,C-07 Sailor Spikers,3,1,0,17.0,C,8,8,0,16.0,Spring,11
02-27-2026,C-12 The Magic Spikebus,1,3,0,-3.0,C,7,9,0,-14.0,Spring,12
02-27-2026,C-08 Blocker's Home for Unimaginative Hitters,2,2,0,0.0,C,6,10,0,-11.0,Spring,13
02-27-2026,C-17 Scooby Do Me,0,4,0,-27.0,C,6,10,0,-13.0,Spring,14
02-27-2026,C-18 Straw Hat Striker,3,1,0,0.0,C,6,10,0,-51.0,Spring,15
02-27-2026,C-04 Peppa Dig,1,3,0,-18.0,C,4,12,0,-55.0,Spring,16
02-27-2026,C-09 The Netsons,1,3,0,-17.0,C,4,12,0,-63.0,Spring,17
02-27-2026,C-15 Powerpuff Passers,2,2,0,2.0,C,2,14,0,-102.0,Spring,18
03-06-2026,C-06 SpongeBall Spikepants,1,3,0,-13.0,C,14,6,0,38.0,Spring,1
03-06-2026,C-14 Diva Slayers,3,1,0,28.0,C,13,7,0,56.0,Spring,2
03-06-2026,"C-03 Sugar, Spike and",2,1,1,11.0,C,12,7,1,18.0,Spring,3
03-06-2026,C-10 Courage the Cowardly Dig,3,1,0,7.0,C,12,7,1,8.0,Spring,4
03-06-2026,C-13 Thunder Kills,1,3,0,-15.0,C,12,8,0,49.0,Spring,5
03-06-2026,C-01 Avatar: Net Benders,3,1,0,18.0,C,12,8,0,47.0,Spring,6
03-06-2026,C-05 Dragon Ballz Deep,0,4,0,-25.0,C,11,8,1,42.0,Spring,7
03-06-2026,C-12 The Magic Spikebus,4,0,0,40.0,C,11,9,0,26.0,Spring,8
03-06-2026,"C-02 Ed, Edd n Edging!",2,2,0,-13.0,C,10,9,1,3.0,Spring,9
03-06-2026,C-16 The IncrediBalls,1,3,0,-25.0,C,10,9,1,-13.0,Spring,10
03-06-2026,C-08 Blocker's Home for Unimaginative Hitters,4,0,0,38.0,C,10,10,0,27.0,Spring,11
03-06-2026,C-07 Sailor Spikers,2,2,0,-9.0,C,10,10,0,7.0,Spring,12
03-06-2026,C-11 Trans Performers,1,3,0,-11.0,C,10,10,0,7.0,Spring,13
03-06-2026,C-17 Scooby Do Me,3,1,0,17.0,C,9,11,0,4.0,Spring,14
03-06-2026,C-18 Straw Hat Striker,2,2,0,4.0,C,8,12,0,-47.0,Spring,15
03-06-2026,C-09 The Netsons,2,1,1,0.0,C,6,13,1,-63.0,Spring,16
03-06-2026,C-04 Peppa Dig,0,4,0,-31.0,C,4,16,0,-86.0,Spring,17
03-06-2026,C-15 Powerpuff Passers,1,3,0,-21.0,C,3,17,0,-123.0,Spring,18
03-20-2026,C-06 SpongeBall Spikepants,4,0,0,34.0,C,18,6,0,72.0,Spring,1
03-20-2026,C-14 Diva Slayers,4,0,0,18.0,C,17,7,0,74.0,Spring,2
03-20-2026,C-13 Thunder Kills,4,0,0,43.0,C,16,8,0,92.0,Spring,3
03-20-2026,C-10 Courage the Cowardly Dig,3,1,0,13.0,C,15,8,1,21.0,Spring,4
03-20-2026,"C-03 Sugar, Spike and",1,3,0,-17.0,C,13,10,1,1.0,Spring,5
03-20-2026,C-12 The Magic Spikebus,2,2,0,-3.0,C,13,11,0,23.0,Spring,6
03-20-2026,C-05 Dragon Ballz Deep,1,3,0,-8.0,C,12,11,1,34.0,Spring,7
03-20-2026,"C-02 Ed, Edd n Edging!",2,2,0,11.0,C,12,11,1,14.0,Spring,8
03-20-2026,C-16 The IncrediBalls,2,2,0,0.0,C,12,11,1,-13.0,Spring,9
03-20-2026,C-08 Blocker's Home for Unimaginative Hitters,2,2,0,4.0,C,12,12,0,31.0,Spring,10
03-20-2026,C-11 Trans Performers,2,2,0,1.0,C,12,12,0,8.0,Spring,11
03-20-2026,C-01 Avatar: Net Benders,0,4,0,-40.0,C,12,12,0,7.0,Spring,12
03-20-2026,C-07 Sailor Spikers,1,3,0,-10.0,C,11,13,0,-3.0,Spring,13
03-20-2026,C-17 Scooby Do Me,2,2,0,-12.0,C,11,13,0,-8.0,Spring,14
03-20-2026,C-18 Straw Hat Striker,2,2,0,3.0,C,10,14,0,-44.0,Spring,15
03-20-2026,C-09 The Netsons,2,2,0,29.0,C,8,15,1,-34.0,Spring,16
03-20-2026,C-04 Peppa Dig,2,2,0,6.0,C,6,18,0,-80.0,Spring,17
03-20-2026,C-15 Powerpuff Passers,0,4,0,-72.0,C,3,21,0,-195.0,Spring,18
03-27-2026,C-06 SpongeBall Spikepants,3,1,0,22.0,C,21,7,0,94.0,Spring,1
03-27-2026,C-13 Thunder Kills,3,1,0,4.0,C,19,9,0,96.0,Spring,2
03-27-2026,C-14 Diva Slayers,2,2,0,-4.0,C,19,9,0,70.0,Spring,3
03-27-2026,C-10 Courage the Cowardly Dig,3,1,0,9.0,C,18,9,1,30.0,Spring,4
03-27-2026,"C-03 Sugar, Spike and",3,1,0,12.0,C,16,11,1,13.0,Spring,5
03-27-2026,C-16 The IncrediBalls,3,1,0,51.0,C,15,12,1,38.0,Spring,6
03-27-2026,C-08 Blocker's Home for Unimaginative Hitters,3,1,0,25.0,C,15,13,0,56.0,Spring,7
03-27-2026,C-12 The Magic Spikebus,2,2,0,3.0,C,15,13,0,26.0,Spring,8
03-27-2026,C-01 Avatar: Net Benders,3,1,0,17.0,C,15,13,0,24.0,Spring,9
03-27-2026,C-11 Trans Performers,2,2,0,5.0,C,14,14,0,13.0,Spring,10
03-27-2026,C-17 Scooby Do Me,3,1,0,3.0,C,14,14,0,-5.0,Spring,11
03-27-2026,C-05 Dragon Ballz Deep,1,3,0,-9.0,C,13,14,1,25.0,Spring,12
03-27-2026,"C-02 Ed, Edd n Edging!",1,3,0,-28.0,C,13,14,1,-14.0,Spring,13
03-27-2026,C-07 Sailor Spikers,0,4,0,-31.0,C,11,17,0,-34.0,Spring,14
03-27-2026,C-18 Straw Hat Striker,0,4,0,-20.0,C,10,18,0,-64.0,Spring,15
03-27-2026,C-09 The Netsons,1,3,0,-8.0,C,9,18,1,-42.0,Spring,16
03-27-2026,C-04 Peppa Dig,3,1,0,49.0,C,9,19,0,-31.0,Spring,17
03-27-2026,C-15 Powerpuff Passers,0,4,0,-100.0,C,3,25,0,-295.0,Spring,18
04-10-2026,C-06 SpongeBall Spikepants,4,0,0,19.0,C,25,7,0,113.0,Spring,1
04-10-2026,C-10 Courage the Cowardly Dig,4,0,0,38.0,C,22,9,1,68.0,Spring,2
04-10-2026,C-14 Diva Slayers,3,1,0,17.0,C,22,10,0,87.0,Spring,3
04-10-2026,C-13 Thunder Kills,2,2,0,-3.0,C,21,11,0,93.0,Spring,4
04-10-2026,C-16 The IncrediBalls,3,1,0,11.0,C,18,13,1,49.0,Spring,5
04-10-2026,C-12 The Magic Spikebus,3,1,0,17.0,C,18,14,0,43.0,Spring,6
04-10-2026,C-05 Dragon Ballz Deep,3,1,0,10.0,C,16,15,1,35.0,Spring,7
04-10-2026,C-11 Trans Performers,2,1,1,13.0,C,16,15,1,26.0,Spring,8
04-10-2026,"C-02 Ed, Edd n Edging!",3,1,0,7.0,C,16,15,1,-7.0,Spring,9
04-10-2026,"C-03 Sugar, Spike and",0,4,0,-30.0,C,16,15,1,-17.0,Spring,10
04-10-2026,C-08 Blocker's Home for Unimaginative Hitters,1,3,0,-17.0,C,16,16,0,39.0,Spring,11
04-10-2026,C-01 Avatar: Net Benders,1,3,0,-7.0,C,16,16,0,17.0,Spring,12
04-10-2026,C-17 Scooby Do Me,2,2,0,-8.0,C,16,16,0,-13.0,Spring,13
04-10-2026,C-04 Peppa Dig,4,0,0,24.0,C,13,19,0,-7.0,Spring,14
04-10-2026,C-07 Sailor Spikers,0,3,1,-24.0,C,11,20,1,-58.0,Spring,15
04-10-2026,C-18 Straw Hat Striker,0,4,0,-24.0,C,10,22,0,-88.0,Spring,16
04-10-2026,C-09 The Netsons,0,4,0,-16.0,C,9,22,1,-58.0,Spring,17
04-10-2026,C-15 Powerpuff Passers,0,4,0,-27.0,C,3,29,0,-322.0,Spring,18
04-17-2026,C-06 SpongeBall Spikepants,1,3,0,-7.0,C,26,10,0,106.0,Spring,1
04-17-2026,C-13 Thunder Kills,4,0,0,20.0,C,25,11,0,113.0,Spring,2
04-17-2026,C-10 Courage the Cowardly Dig,2,2,0,7.0,C,24,11,1,75.0,Spring,3
04-17-2026,C-14 Diva Slayers,2,2,0,0.0,C,24,12,0,87.0,Spring,4
04-17-2026,C-16 The IncrediBalls,2,2,0,6.0,C,20,15,1,55.0,Spring,5
04-17-2026,C-12 The Magic Spikebus,2,2,0,-6.0,C,20,16,0,37.0,Spring,6
04-17-2026,"C-03 Sugar, Spike and",3,1,0,22.0,C,19,16,1,5.0,Spring,7
04-17-2026,C-08 Blocker's Home for Unimaginative Hitters,3,1,0,15.0,C,19,17,0,54.0,Spring,8
04-17-2026,C-05 Dragon Ballz Deep,2,1,1,3.0,C,18,16,2,38.0,Spring,9
04-17-2026,C-01 Avatar: Net Benders,2,2,0,-14.0,C,18,18,0,3.0,Spring,10
04-17-2026,"C-02 Ed, Edd n Edging!",1,2,1,-4.0,C,17,17,2,-11.0,Spring,11
04-17-2026,C-11 Trans Performers,1,3,0,-13.0,C,17,18,1,13.0,Spring,12
04-17-2026,C-17 Scooby Do Me,1,3,0,-9.0,C,17,19,0,-22.0,Spring,13
04-17-2026,C-04 Peppa Dig,1,3,0,-17.0,C,14,22,0,-24.0,Spring,14
04-17-2026,C-07 Sailor Spikers,1,3,0,-1.0,C,12,23,1,-59.0,Spring,15
04-17-2026,C-18 Straw Hat Striker,2,2,0,-5.0,C,12,24,0,-93.0,Spring,16
04-17-2026,C-09 The Netsons,2,2,0,1.0,C,11,24,1,-57.0,Spring,17
04-17-2026,C-15 Powerpuff Passers,3,1,0,2.0,C,6,30,0,-320.0,Spring,18
04-24-2026,C-13 Thunder Kills,4,0,0,27.0,C,29,11,0,140.0,Spring,1
04-24-2026,C-06 SpongeBall Spikepants,3,1,0,12.0,C,29,11,0,118.0,Spring,2
04-24-2026,C-10 Courage the Cowardly Dig,3,1,0,13.0,C,27,12,1,88.0,Spring,3
04-24-2026,C-14 Diva Slayers,3,1,0,16.0,C,27,13,0,103.0,Spring,4
04-24-2026,C-16 The IncrediBalls,2,2,0,-13.0,C,22,17,1,42.0,Spring,5
04-24-2026,C-12 The Magic Spikebus,2,1,1,2.0,C,22,17,1,39.0,Spring,6
04-24-2026,"C-03 Sugar, Spike and",1,3,0,-7.0,C,20,19,1,-2.0,Spring,7
04-24-2026,C-08 Blocker's Home for Unimaginative Hitters,1,3,0,-7.0,C,20,20,0,47.0,Spring,8
04-24-2026,C-01 Avatar: Net Benders,2,2,0,-5.0,C,20,20,0,-2.0,Spring,9
04-24-2026,C-05 Dragon Ballz Deep,1,3,0,-25.0,C,19,19,2,13.0,Spring,10
04-24-2026,"C-02 Ed, Edd n Edging!",1,3,0,-8.0,C,18,20,2,-19.0,Spring,11
04-24-2026,C-11 Trans Performers,1,3,0,-3.0,C,18,21,1,10.0,Spring,12
04-24-2026,C-17 Scooby Do Me,1,2,1,-3.0,C,18,21,1,-25.0,Spring,13
04-24-2026,C-04 Peppa Dig,2,2,0,-5.0,C,16,24,0,-29.0,Spring,14
04-24-2026,C-18 Straw Hat Striker,3,1,0,5.0,C,15,25,0,-88.0,Spring,15
04-24-2026,C-07 Sailor Spikers,1,1,2,1.0,C,13,24,3,-58.0,Spring,16
04-24-2026,C-09 The Netsons,2,2,0,20.0,C,13,26,1,-37.0,Spring,17
04-24-2026,C-15 Powerpuff Passers,1,3,0,-20.0,C,7,33,0,-340.0,Spring,18
05-01-2026,C-13 Thunder Kills,0,0,0,0.0,C,29,11,0,140.0,Spring,1
05-01-2026,C-06 SpongeBall Spikepants,0,0,0,0.0,C,29,11,0,118.0,Spring,2
05-01-2026,C-10 Courage the Cowardly Dig,0,0,0,0.0,C,27,12,1,88.0,Spring,3
05-01-2026,C-14 Diva Slayers,0,0,0,0.0,C,27,13,0,103.0,Spring,4
05-01-2026,C-16 The IncrediBalls,0,0,0,0.0,C,22,17,1,42.0,Spring,5
05-01-2026,C-12 The Magic Spikebus,0,0,0,0.0,C,22,17,1,39.0,Spring,6
05-01-2026,"C-03 Sugar, Spike and",0,0,0,0.0,C,20,19,1,-2.0,Spring,7
05-01-2026,C-08 Blocker's Home for Unimaginative Hitters,0,0,0,0.0,C,20,20,0,47.0,Spring,8
05-01-2026,C-01 Avatar: Net Benders,0,0,0,0.0,C,20,20,0,-2.0,Spring,9
05-01-2026,C-05 Dragon Ballz Deep,0,0,0,0.0,C,19,19,2,13.0,Spring,10
05-01-2026,"C-02 Ed, Edd n Edging!",0,0,0,0.0,C,18,20,2,-19.0,Spring,11
05-01-2026,C-11 Trans Performers,0,0,0,0.0,C,18,21,1,10.0,Spring,12
05-01-2026,C-17 Scooby Do Me,0,0,0,0.0,C,18,21,1,-25.0,Spring,13
05-01-2026,C-04 Peppa Dig,0,0,0,0.0,C,16,24,0,-29.0,Spring,14
05-01-2026,C-18 Straw Hat Striker,0,0,0,0.0,C,15,25,0,-88.0,Spring,15
05-01-2026,C-07 Sailor Spikers,0,0,0,0.0,C,13,24,3,-58.0,Spring,16
05-01-2026,C-09 The Netsons,0,0,0,0.0,C,13,26,1,-37.0,Spring,17
05-01-2026,C-15 Powerpuff Passers,0,0,0,0.0,C,7,33,0,-340.0,Spring,18
01-30-2026,E-04-Pump & Dump,4,0,0,16.0,E,4,0,0,16.0,Spring,1
01-30-2026,E-06-Kegel Crushers,3,1,0,9.0,E,3,1,0,9.0,Spring,2
01-30-2026,E-03- Steel Buns,2,2,0,8.0,E,2,2,0,8.0,Spring,3
01-30-2026,"E-05-Spot Me Outside, How Bout That",2,2,0,0.0,E,2,2,0,0.0,Spring,4
01-30-2026,E-02-Pull Up (But Don’t Pull Out),1,3,0,-17.0,E,1,3,0,-17.0,Spring,5
01-30-2026,E-01-Squatty Hawties,0,4,0,-16.0,E,0,4,0,-16.0,Spring,6
02-06-2026,E-04-Pump & Dump,3,1,0,25.0,E,7,1,0,41.0,Spring,1
02-06-2026,E-06-Kegel Crushers,2,2,0,1.0,E,5,3,0,10.0,Spring,2
02-06-2026,E-02-Pull Up (But Don’t Pull Out),3,1,0,9.0,E,4,4,0,-8.0,Spring,3
02-06-2026,E-01-Squatty Hawties,3,1,0,7.0,E,3,5,0,-9.0,Spring,4
02-06-2026,"E-05-Spot Me Outside, How Bout That",1,3,0,-10.0,E,3,5,0,-10.0,Spring,5
02-06-2026,E-03- Steel Buns,0,4,0,-32.0,E,2,6,0,-24.0,Spring,6
02-20-2026,E-04-Pump & Dump,3,1,0,17.0,E,10,2,0,58.0,Spring,1
02-20-2026,E-06-Kegel Crushers,3,1,0,11.0,E,8,4,0,21.0,Spring,2
02-20-2026,E-02-Pull Up (But Don’t Pull Out),2,2,0,-17.0,E,6,6,0,-25.0,Spring,3
02-20-2026,E-03- Steel Buns,3,1,0,13.0,E,5,7,0,-11.0,Spring,4
02-20-2026,"E-05-Spot Me Outside, How Bout That",1,3,0,0.0,E,4,8,0,-10.0,Spring,5
02-20-2026,E-01-Squatty Hawties,0,4,0,-24.0,E,3,9,0,-33.0,Spring,6
02-27-2026,E-04-Pump & Dump,3,1,0,43.0,E,13,3,0,101.0,Spring,1
02-27-2026,E-06-Kegel Crushers,3,1,0,47.0,E,11,5,0,68.0,Spring,2
02-27-2026,E-03- Steel Buns,3,1,0,57.0,E,8,8,0,46.0,Spring,3
02-27-2026,"E-05-Spot Me Outside, How Bout That",3,1,0,53.0,E,7,9,0,43.0,Spring,4
02-27-2026,E-02-Pull Up (But Don’t Pull Out),0,4,0,-100.0,E,6,10,0,-125.0,Spring,5
02-27-2026,E-01-Squatty Hawties,0,4,0,-100.0,E,3,13,0,-133.0,Spring,6
03-06-2026,E-04-Pump & Dump,1,3,0,-3.0,E,14,6,0,98.0,Spring,1
03-06-2026,E-03- Steel Buns,3,1,0,2.0,E,11,9,0,48.0,Spring,2
03-06-2026,E-06-Kegel Crushers,0,4,0,-22.0,E,11,9,0,46.0,Spring,3
03-06-2026,"E-05-Spot Me Outside, How Bout That",3,1,0,15.0,E,10,10,0,58.0,Spring,4
03-06-2026,E-02-Pull Up (But Don’t Pull Out),3,1,0,7.0,E,9,11,0,-118.0,Spring,5
03-06-2026,E-01-Squatty Hawties,2,2,0,1.0,E,5,15,0,-132.0,Spring,6
03-20-2026,E-06-Kegel Crushers,4,0,0,11.0,E,15,9,0,57.0,Spring,1
03-20-2026,E-04-Pump & Dump,0,3,1,-6.0,E,14,9,1,92.0,Spring,2
03-20-2026,"E-05-Spot Me Outside, How Bout That",3,1,0,-4.0,E,13,11,0,54.0,Spring,3
03-20-2026,E-03- Steel Buns,1,3,0,-8.0,E,12,12,0,40.0,Spring,4
03-20-2026,E-02-Pull Up (But Don’t Pull Out),2,1,1,10.0,E,11,12,1,-108.0,Spring,5
03-20-2026,E-01-Squatty Hawties,1,3,0,-3.0,E,6,18,0,-135.0,Spring,6
03-27-2026,E-04-Pump & Dump,3,1,0,5.0,E,17,10,1,97.0,Spring,1
03-27-2026,"E-05-Spot Me Outside, How Bout That",4,0,0,27.0,E,17,11,0,81.0,Spring,2
03-27-2026,E-06-Kegel Crushers,2,2,0,6.0,E,17,11,0,63.0,Spring,3
03-27-2026,E-03- Steel Buns,2,2,0,0.0,E,14,14,0,40.0,Spring,4
03-27-2026,E-02-Pull Up (But Don’t Pull Out),1,3,0,-5.0,E,12,15,1,-113.0,Spring,5
03-27-2026,E-01-Squatty Hawties,0,4,0,-33.0,E,6,22,0,-168.0,Spring,6
04-10-2026,E-04-Pump & Dump,3,1,0,50.0,E,20,11,1,147.0,Spring,1
04-10-2026,"E-05-Spot Me Outside, How Bout That",3,1,0,50.0,E,20,12,0,131.0,Spring,2
04-10-2026,E-03- Steel Buns,4,0,0,21.0,E,18,14,0,61.0,Spring,3
04-10-2026,E-06-Kegel Crushers,1,3,0,-7.0,E,18,14,0,56.0,Spring,4
04-10-2026,E-02-Pull Up (But Don’t Pull Out),1,3,0,-14.0,E,13,18,1,-127.0,Spring,5
04-10-2026,E-01-Squatty Hawties,0,4,0,-100.0,E,6,26,0,-268.0,Spring,6
04-17-2026,"E-05-Spot Me Outside, How Bout That",4,0,0,56.0,E,24,12,0,187.0,Spring,1
04-17-2026,E-04-Pump & Dump,2,2,0,44.0,E,22,13,1,191.0,Spring,2
04-17-2026,E-06-Kegel Crushers,2,2,0,-10.0,E,20,16,0,46.0,Spring,3
04-17-2026,E-03- Steel Buns,1,3,0,-2.0,E,19,17,0,59.0,Spring,4
04-17-2026,E-02-Pull Up (But Don’t Pull Out),0,4,0,-100.0,E,13,22,1,-227.0,Spring,5
04-17-2026,E-01-Squatty Hawties,3,1,0,12.0,E,9,27,0,-256.0,Spring,6
04-24-2026,"E-05-Spot Me Outside, How Bout That",4,0,0,22.0,E,28,12,0,209.0,Spring,1
04-24-2026,E-04-Pump & Dump,4,0,0,15.0,E,26,13,1,206.0,Spring,2
04-24-2026,E-06-Kegel Crushers,2,2,0,1.0,E,22,18,0,47.0,Spring,3
04-24-2026,E-03- Steel Buns,1,3,0,-22.0,E,20,20,0,37.0,Spring,4
04-24-2026,E-02-Pull Up (But Don’t Pull Out),1,3,0,0.0,E,14,25,1,-227.0,Spring,5
04-24-2026,E-01-Squatty Hawties,0,4,0,-16.0,E,9,31,0,-272.0,Spring,6
05-01-2026,"E-05-Spot Me Outside, How Bout That",0,0,0,0.0,E,28,12,0,209.0,Spring,1
05-01-2026,E-04-Pump & Dump,0,0,0,0.0,E,26,13,1,206.0,Spring,2
05-01-2026,E-06-Kegel Crushers,0,0,0,0.0,E,22,18,0,47.0,Spring,3
05-01-2026,E-03- Steel Buns,0,0,0,0.0,E,20,20,0,37.0,Spring,4
05-01-2026,E-02-Pull Up (But Don’t Pull Out),0,0,0,0.0,E,14,25,1,-227.0,Spring,5
05-01-2026,E-01-Squatty Hawties,0,0,0,0.0,E,9,31,0,-272.0,Spring,6
01-30-2026,I-08 Street Spikers,4,0,0,14.0,I,4,0,0,14.0,Spring,1
01-30-2026,I-02 Rainbow Road Runners,3,1,0,26.0,I,3,1,0,26.0,Spring,2
01-30-2026,I-03 Super Sets Bros,3,1,0,12.0,I,3,1,0,12.0,Spring,3
01-30-2026,I-10 Volley pong,3,1,0,8.0,I,3,1,0,8.0,Spring,4
01-30-2026,I-07 Ace Invaders,3,1,0,8.0,I,3,1,0,8.0,Spring,5
01-30-2026,I-14 Super Spike Bros,2,2,0,18.0,I,2,2,0,18.0,Spring,6
01-30-2026,I-06 Spyro Spikers,2,2,0,2.0,I,2,2,0,2.0,Spring,7
01-30-2026,I-15 Waka Waka,2,2,0,-6.0,I,2,2,0,-6.0,Spring,8
01-30-2026,I-13 Play Station Spikers,2,2,0,-10.0,I,2,2,0,-10.0,Spring,9
01-30-2026,I-11 Kirby s Dream Spikers,1,3,0,6.0,I,1,3,0,6.0,Spring,10
01-30-2026,I-09 Super Smash Serves,1,3,0,-6.0,I,1,3,0,-6.0,Spring,11
01-30-2026,I-05 It's On Like Donkey Kong,1,3,0,-10.0,I,1,3,0,-10.0,Spring,12
01-30-2026,I-04 Hyrule Hitters,1,3,0,-16.0,I,1,3,0,-16.0,Spring,13
01-30-2026,I-01 Slay Station,1,3,0,-20.0,I,1,3,0,-20.0,Spring,14
01-30-2026,I-12 Arcade Spikers,1,3,0,-26.0,I,1,3,0,-26.0,Spring,15
02-06-2026,I-14 Super Spike Bros,4,0,0,34.0,I,6,2,0,52.0,Spring,1
02-06-2026,I-06 Spyro Spikers,4,0,0,32.0,I,6,2,0,34.0,Spring,2
02-06-2026,I-03 Super Sets Bros,3,1,0,13.0,I,6,2,0,25.0,Spring,3
02-06-2026,I-08 Street Spikers,2,2,0,-1.0,I,6,2,0,13.0,Spring,4
02-06-2026,I-02 Rainbow Road Runners,2,2,0,2.0,I,5,3,0,28.0,Spring,5
02-06-2026,I-15 Waka Waka,3,1,0,23.0,I,5,3,0,17.0,Spring,6
02-06-2026,I-10 Volley pong,2,2,0,-4.0,I,5,3,0,4.0,Spring,7
02-06-2026,I-05 It's On Like Donkey Kong,3,1,0,9.0,I,4,4,0,-1.0,Spring,8
02-06-2026,I-07 Ace Invaders,1,3,0,-15.0,I,4,4,0,-7.0,Spring,9
02-06-2026,I-04 Hyrule Hitters,2,2,0,11.0,I,3,5,0,-5.0,Spring,10
02-06-2026,I-09 Super Smash Serves,2,2,0,-1.0,I,3,5,0,-7.0,Spring,11
02-06-2026,I-12 Arcade Spikers,2,2,0,-8.0,I,3,5,0,-34.0,Spring,12
02-06-2026,I-13 Play Station Spikers,0,4,0,-22.0,I,2,6,0,-32.0,Spring,13
02-06-2026,I-11 Kirby s Dream Spikers,0,4,0,-28.0,I,1,7,0,-22.0,Spring,14
02-06-2026,I-01 Slay Station,0,4,0,-45.0,I,1,7,0,-65.0,Spring,15
02-20-2026,I-14 Super Spike Bros,3,0,1,20.0,I,9,2,1,72.0,Spring,1
02-20-2026,I-10 Volley pong,4,0,0,19.0,I,9,3,0,23.0,Spring,2
02-20-2026,I-06 Spyro Spikers,2,2,0,0.0,I,8,4,0,34.0,Spring,3
02-20-2026,I-03 Super Sets Bros,2,2,0,-5.0,I,8,4,0,20.0,Spring,4
02-20-2026,I-08 Street Spikers,2,2,0,1.0,I,8,4,0,14.0,Spring,5
02-20-2026,I-15 Waka Waka,2,2,0,3.0,I,7,5,0,20.0,Spring,6
02-20-2026,I-05 It's On Like Donkey Kong,3,1,0,19.0,I,7,5,0,18.0,Spring,7
02-20-2026,I-02 Rainbow Road Runners,0,3,1,-15.0,I,5,6,1,13.0,Spring,8
02-20-2026,I-09 Super Smash Serves,2,2,0,-9.0,I,5,7,0,-16.0,Spring,9
02-20-2026,I-07 Ace Invaders,1,3,0,-19.0,I,5,7,0,-26.0,Spring,10
02-20-2026,I-12 Arcade Spikers,2,2,0,-1.0,I,5,7,0,-35.0,Spring,11
02-20-2026,I-04 Hyrule Hitters,1,3,0,0.0,I,4,8,0,-5.0,Spring,12
02-20-2026,I-01 Slay Station,3,1,0,13.0,I,4,8,0,-52.0,Spring,13
02-20-2026,I-13 Play Station Spikers,1,3,0,-16.0,I,3,9,0,-48.0,Spring,14
02-20-2026,I-11 Kirby s Dream Spikers,1,3,0,-10.0,I,2,10,0,-32.0,Spring,15
02-27-2026,I-14 Super Spike Bros,4,0,0,20.0,I,13,2,1,92.0,Spring,1
02-27-2026,I-10 Volley pong,3,1,0,23.0,I,12,4,0,46.0,Spring,2
02-27-2026,I-06 Spyro Spikers,2,2,0,6.0,I,10,6,0,40.0,Spring,3
02-27-2026,I-03 Super Sets Bros,2,2,0,3.0,I,10,6,0,23.0,Spring,4
02-27-2026,I-15 Waka Waka,2,2,0,4.0,I,9,7,0,24.0,Spring,5
02-27-2026,I-09 Super Smash Serves,3,1,0,24.0,I,8,8,0,8.0,Spring,6
02-27-2026,I-01 Slay Station,4,0,0,34.0,I,8,8,0,-18.0,Spring,7
02-27-2026,I-08 Street Spikers,0,4,0,-33.0,I,8,8,0,-19.0,Spring,8
02-27-2026,I-05 It's On Like Donkey Kong,0,4,0,-24.0,I,7,9,0,-6.0,Spring,9
02-27-2026,I-02 Rainbow Road Runners,1,3,0,-1.0,I,6,9,1,12.0,Spring,10
02-27-2026,I-04 Hyrule Hitters,2,2,0,-9.0,I,6,10,0,-14.0,Spring,11
02-27-2026,I-07 Ace Invaders,1,3,0,-11.0,I,6,10,0,-37.0,Spring,12
02-27-2026,I-12 Arcade Spikers,1,3,0,-33.0,I,6,10,0,-68.0,Spring,13
02-27-2026,I-11 Kirby s Dream Spikers,3,1,0,10.0,I,5,11,0,-22.0,Spring,14
02-27-2026,I-13 Play Station Spikers,2,2,0,-13.0,I,5,11,0,-61.0,Spring,15
03-06-2026,I-14 Super Spike Bros,3,1,0,22.0,I,16,3,1,114.0,Spring,1
03-06-2026,I-10 Volley pong,3,1,0,13.0,I,15,5,0,59.0,Spring,2
03-06-2026,I-06 Spyro Spikers,3,0,1,25.0,I,13,6,1,65.0,Spring,3
03-06-2026,I-03 Super Sets Bros,2,2,0,-1.0,I,12,8,0,22.0,Spring,4
03-06-2026,I-01 Slay Station,2,2,0,-8.0,I,10,10,0,-26.0,Spring,5
03-06-2026,I-02 Rainbow Road Runners,3,1,0,3.0,I,9,10,1,15.0,Spring,6
03-06-2026,I-09 Super Smash Serves,1,3,0,-5.0,I,9,11,0,3.0,Spring,7
03-06-2026,I-15 Waka Waka,0,4,0,-33.0,I,9,11,0,-9.0,Spring,8
03-06-2026,I-05 It's On Like Donkey Kong,2,2,0,-18.0,I,9,11,0,-24.0,Spring,9
03-06-2026,I-08 Street Spikers,1,3,0,-21.0,I,9,11,0,-40.0,Spring,10
03-06-2026,I-11 Kirby s Dream Spikers,3,1,0,36.0,I,8,12,0,14.0,Spring,11
03-06-2026,I-04 Hyrule Hitters,2,2,0,9.0,I,8,12,0,-5.0,Spring,12
03-06-2026,I-12 Arcade Spikers,2,2,0,9.0,I,8,12,0,-59.0,Spring,13
03-06-2026,I-13 Play Station Spikers,2,1,1,8.0,I,7,12,1,-53.0,Spring,14
03-06-2026,I-07 Ace Invaders,0,4,0,-39.0,I,6,14,0,-76.0,Spring,15
03-20-2026,I-14 Super Spike Bros,3,1,0,24.0,I,19,4,1,138.0,Spring,1
03-20-2026,I-10 Volley pong,4,0,0,28.0,I,19,5,0,87.0,Spring,2
03-20-2026,I-06 Spyro Spikers,4,0,0,40.0,I,17,6,1,105.0,Spring,3
03-20-2026,I-03 Super Sets Bros,2,2,0,-5.0,I,14,10,0,17.0,Spring,4
03-20-2026,I-01 Slay Station,2,2,0,14.0,I,12,12,0,-12.0,Spring,5
03-20-2026,I-08 Street Spikers,3,1,0,11.0,I,12,12,0,-29.0,Spring,6
03-20-2026,I-02 Rainbow Road Runners,2,2,0,-4.0,I,11,12,1,11.0,Spring,7
03-20-2026,I-11 Kirby s Dream Spikers,3,1,0,9.0,I,11,13,0,23.0,Spring,8
03-20-2026,I-09 Super Smash Serves,2,2,0,-11.0,I,11,13,0,-8.0,Spring,9
03-20-2026,I-05 It's On Like Donkey Kong,1,3,0,-25.0,I,10,14,0,-49.0,Spring,10
03-20-2026,I-04 Hyrule Hitters,1,3,0,-13.0,I,9,15,0,-18.0,Spring,11
03-20-2026,I-15 Waka Waka,0,4,0,-36.0,I,9,15,0,-45.0,Spring,12
03-20-2026,I-12 Arcade Spikers,1,3,0,-4.0,I,9,15,0,-63.0,Spring,13
03-20-2026,I-13 Play Station Spikers,1,3,0,-22.0,I,8,15,1,-75.0,Spring,14
03-20-2026,I-07 Ace Invaders,1,3,0,-6.0,I,7,17,0,-82.0,Spring,15
03-27-2026,I-14 Super Spike Bros,3,1,0,29.0,I,22,5,1,167.0,Spring,1
03-27-2026,I-10 Volley pong,3,1,0,22.0,I,22,6,0,109.0,Spring,2
03-27-2026,I-06 Spyro Spikers,0,4,0,-37.0,I,17,10,1,68.0,Spring,3
03-27-2026,I-03 Super Sets Bros,3,1,0,20.0,I,17,11,0,37.0,Spring,4
03-27-2026,I-08 Street Spikers,4,0,0,20.0,I,16,12,0,-9.0,Spring,5
03-27-2026,I-11 Kirby s Dream Spikers,4,0,0,38.0,I,15,13,0,61.0,Spring,6
03-27-2026,I-01 Slay Station,3,1,0,8.0,I,15,13,0,-4.0,Spring,7
03-27-2026,I-02 Rainbow Road Runners,3,1,0,47.0,I,14,13,1,58.0,Spring,8
03-27-2026,I-12 Arcade Spikers,3,1,0,53.0,I,12,16,0,-10.0,Spring,9
03-27-2026,I-09 Super Smash Serves,1,3,0,-6.0,I,12,16,0,-14.0,Spring,10
03-27-2026,I-05 It's On Like Donkey Kong,1,3,0,-7.0,I,11,17,0,-56.0,Spring,11
03-27-2026,I-04 Hyrule Hitters,1,3,0,-32.0,I,10,18,0,-50.0,Spring,12
03-27-2026,I-15 Waka Waka,0,4,0,-42.0,I,9,19,0,-87.0,Spring,13
03-27-2026,I-13 Play Station Spikers,0,4,0,-100.0,I,8,19,1,-175.0,Spring,14
03-27-2026,I-07 Ace Invaders,1,3,0,-13.0,I,8,20,0,-95.0,Spring,15
04-10-2026,I-14 Super Spike Bros,4,0,0,33.0,I,26,5,1,200.0,Spring,1
04-10-2026,I-10 Volley pong,1,3,0,1.0,I,23,9,0,110.0,Spring,2
04-10-2026,I-03 Super Sets Bros,3,1,0,8.0,I,20,12,0,45.0,Spring,3
04-10-2026,I-06 Spyro Spikers,2,2,0,7.0,I,19,12,1,75.0,Spring,4
04-10-2026,I-11 Kirby s Dream Spikers,4,0,0,32.0,I,19,13,0,93.0,Spring,5
04-10-2026,I-08 Street Spikers,2,2,0,9.0,I,18,14,0,0.0,Spring,6
04-10-2026,I-02 Rainbow Road Runners,2,2,0,6.0,I,16,15,1,64.0,Spring,7
04-10-2026,I-09 Super Smash Serves,3,1,0,15.0,I,15,17,0,1.0,Spring,8
04-10-2026,I-01 Slay Station,0,4,0,-34.0,I,15,17,0,-38.0,Spring,9
04-10-2026,I-12 Arcade Spikers,2,2,0,-16.0,I,14,18,0,-26.0,Spring,10
04-10-2026,I-04 Hyrule Hitters,3,1,0,14.0,I,13,19,0,-36.0,Spring,11
04-10-2026,I-05 It's On Like Donkey Kong,1,3,0,-21.0,I,12,20,0,-77.0,Spring,12
04-10-2026,I-15 Waka Waka,2,2,0,2.0,I,11,21,0,-85.0,Spring,13
04-10-2026,I-13 Play Station Spikers,1,3,0,-17.0,I,9,22,1,-192.0,Spring,14
04-10-2026,I-07 Ace Invaders,0,4,0,-39.0,I,8,24,0,-134.0,Spring,15
04-17-2026,I-14 Super Spike Bros,3,1,0,9.0,I,29,6,1,209.0,Spring,1
04-17-2026,I-10 Volley pong,4,0,0,20.0,I,27,9,0,130.0,Spring,2
04-17-2026,I-03 Super Sets Bros,3,1,0,19.0,I,23,13,0,64.0,Spring,3
04-17-2026,I-08 Street Spikers,4,0,0,35.0,I,22,14,0,35.0,Spring,4
04-17-2026,I-06 Spyro Spikers,2,2,0,7.0,I,21,14,1,82.0,Spring,5
04-17-2026,I-11 Kirby s Dream Spikers,1,3,0,-12.0,I,20,16,0,81.0,Spring,6
04-17-2026,I-02 Rainbow Road Runners,2,2,0,-7.0,I,18,17,1,57.0,Spring,7
04-17-2026,I-09 Super Smash Serves,1,2,1,-13.0,I,16,19,1,-12.0,Spring,8
04-17-2026,I-12 Arcade Spikers,2,2,0,-6.0,I,16,20,0,-32.0,Spring,9
04-17-2026,I-04 Hyrule Hitters,2,2,0,9.0,I,15,21,0,-27.0,Spring,10
04-17-2026,I-01 Slay Station,0,4,0,-26.0,I,15,21,0,-64.0,Spring,11
04-17-2026,I-05 It's On Like Donkey Kong,2,2,0,6.0,I,14,22,0,-71.0,Spring,12
04-17-2026,I-15 Waka Waka,2,2,0,-3.0,I,13,23,0,-88.0,Spring,13
04-17-2026,I-13 Play Station Spikers,0,3,1,-22.0,I,9,25,2,-214.0,Spring,14
04-17-2026,I-07 Ace Invaders,1,3,0,-16.0,I,9,27,0,-150.0,Spring,15
04-24-2026,I-14 Super Spike Bros,4,0,0,34.0,I,33,6,1,243.0,Spring,1
04-24-2026,I-10 Volley pong,3,1,0,23.0,I,30,10,0,153.0,Spring,2
04-24-2026,I-08 Street Spikers,2,2,0,1.0,I,24,16,0,36.0,Spring,3
04-24-2026,I-03 Super Sets Bros,0,4,0,-27.0,I,23,17,0,37.0,Spring,4
04-24-2026,I-06 Spyro Spikers,1,3,0,-24.0,I,22,17,1,58.0,Spring,5
04-24-2026,I-09 Super Smash Serves,4,0,0,35.0,I,20,19,1,23.0,Spring,6
04-24-2026,I-11 Kirby s Dream Spikers,0,4,0,-15.0,I,20,20,0,66.0,Spring,7
04-24-2026,I-12 Arcade Spikers,3,1,0,10.0,I,19,21,0,-22.0,Spring,8
04-24-2026,I-02 Rainbow Road Runners,0,4,0,-34.0,I,18,21,1,23.0,Spring,9
04-24-2026,I-04 Hyrule Hitters,2,1,1,5.0,I,17,22,1,-22.0,Spring,10
04-24-2026,I-01 Slay Station,2,1,1,4.0,I,17,22,1,-60.0,Spring,11
04-24-2026,I-05 It's On Like Donkey Kong,2,2,0,-1.0,I,16,24,0,-72.0,Spring,12
04-24-2026,I-15 Waka Waka,2,2,0,-19.0,I,15,25,0,-107.0,Spring,13
04-24-2026,I-07 Ace Invaders,3,1,0,17.0,I,12,28,0,-133.0,Spring,14
04-24-2026,I-13 Play Station Spikers,1,3,0,-9.0,I,10,28,2,-223.0,Spring,15
05-01-2026,I-14 Super Spike Bros,0,0,0,0.0,I,33,6,1,243.0,Spring,1
05-01-2026,I-10 Volley pong,0,0,0,0.0,I,30,10,0,153.0,Spring,2
05-01-2026,I-08 Street Spikers,0,0,0,0.0,I,24,16,0,36.0,Spring,3
05-01-2026,I-03 Super Sets Bros,0,0,0,0.0,I,23,17,0,37.0,Spring,4
05-01-2026,I-06 Spyro Spikers,0,0,0,0.0,I,22,17,1,58.0,Spring,5
05-01-2026,I-09 Super Smash Serves,0,0,0,0.0,I,20,19,1,23.0,Spring,6
05-01-2026,I-11 Kirby s Dream Spikers,0,0,0,0.0,I,20,20,0,66.0,Spring,7
05-01-2026,I-12 Arcade Spikers,0,0,0,0.0,I,19,21,0,-22.0,Spring,8
05-01-2026,I-02 Rainbow Road Runners,0,0,0,0.0,I,18,21,1,23.0,Spring,9
05-01-2026,I-04 Hyrule Hitters,0,0,0,0.0,I,17,22,1,-22.0,Spring,10
05-01-2026,I-01 Slay Station,0,0,0,0.0,I,17,22,1,-60.0,Spring,11
05-01-2026,I-05 It's On Like Donkey Kong,0,0,0,0.0,I,16,24,0,-72.0,Spring,12
05-01-2026,I-15 Waka Waka,0,0,0,0.0,I,15,25,0,-107.0,Spring,13
05-01-2026,I-07 Ace Invaders,0,0,0,0.0,I,12,28,0,-133.0,Spring,14
05-01-2026,I-13 Play Station Spikers,0,0,0,0.0,I,10,28,2,-223.0,Spring,15
01-30-2026,P-07 Whiskey Business,4,0,0,41.0,P,4,0,0,41.0,Spring,1
01-30-2026,P-09 Don Julio’s,3,1,0,23.0,P,3,1,0,23.0,Spring,2
01-30-2026,P-06 Six on the Beach,3,1,0,20.0,P,3,1,0,20.0,Spring,3
01-30-2026,P-08 Baddie baddie shot o’clock,3,1,0,17.0,P,3,1,0,17.0,Spring,4
01-30-2026,P-05 Pour Decisions,2,2,0,1.0,P,2,2,0,1.0,Spring,5
01-30-2026,P-02 Serve Me Daddy,1,3,0,-18.0,P,1,3,0,-18.0,Spring,6
01-30-2026,P-04 Aperol Spikez,1,3,0,-20.0,P,1,3,0,-20.0,Spring,7
01-30-2026,P-01 Matcha and Serve,1,3,0,-21.0,P,1,3,0,-21.0,Spring,8
01-30-2026,P-03 Serving Neat and Naked,0,4,0,-43.0,P,0,4,0,-43.0,Spring,9
02-06-2026,P-09 Don Julio’s,3,0,1,24.0,P,6,1,1,47.0,Spring,1
02-06-2026,P-07 Whiskey Business,2,2,0,11.0,P,6,2,0,52.0,Spring,2
02-06-2026,P-08 Baddie baddie shot o’clock,3,1,0,21.0,P,6,2,0,38.0,Spring,3
02-06-2026,P-06 Six on the Beach,3,1,0,14.0,P,6,2,0,34.0,Spring,4
02-06-2026,P-01 Matcha and Serve,2,1,1,8.0,P,3,4,1,-13.0,Spring,5
02-06-2026,P-04 Aperol Spikez,2,2,0,5.0,P,3,5,0,-15.0,Spring,6
02-06-2026,P-05 Pour Decisions,0,4,0,-32.0,P,2,6,0,-31.0,Spring,7
02-06-2026,P-02 Serve Me Daddy,1,3,0,-25.0,P,2,6,0,-43.0,Spring,8
02-06-2026,P-03 Serving Neat and Naked,1,3,0,-26.0,P,1,7,0,-69.0,Spring,9
02-20-2026,P-07 Whiskey Business,4,0,0,40.0,P,10,2,0,92.0,Spring,1
02-20-2026,P-09 Don Julio’s,3,1,0,34.0,P,9,2,1,81.0,Spring,2
02-20-2026,P-06 Six on the Beach,3,1,0,14.0,P,9,3,0,48.0,Spring,3
02-20-2026,P-08 Baddie baddie shot o’clock,2,2,0,-2.0,P,8,4,0,36.0,Spring,4
02-20-2026,P-02 Serve Me Daddy,3,1,0,14.0,P,5,7,0,-29.0,Spring,5
02-20-2026,P-01 Matcha and Serve,1,3,0,-12.0,P,4,7,1,-25.0,Spring,6
02-20-2026,P-05 Pour Decisions,1,3,0,-14.0,P,3,9,0,-45.0,Spring,7
02-20-2026,P-04 Aperol Spikez,0,4,0,-48.0,P,3,9,0,-63.0,Spring,8
02-20-2026,P-03 Serving Neat and Naked,1,3,0,-26.0,P,2,10,0,-95.0,Spring,9
02-27-2026,P-07 Whiskey Business,2,1,1,9.0,P,12,3,1,101.0,Spring,1
02-27-2026,P-06 Six on the Beach,3,1,0,23.0,P,12,4,0,71.0,Spring,2
02-27-2026,P-09 Don Julio’s,2,1,1,5.0,P,11,3,2,86.0,Spring,3
02-27-2026,P-08 Baddie baddie shot o’clock,1,3,0,-14.0,P,9,7,0,22.0,Spring,4
02-27-2026,P-02 Serve Me Daddy,2,2,0,-1.0,P,7,9,0,-30.0,Spring,5
02-27-2026,P-04 Aperol Spikez,3,1,0,-5.0,P,6,10,0,-68.0,Spring,6
02-27-2026,P-01 Matcha and Serve,1,3,0,-25.0,P,5,10,1,-50.0,Spring,7
02-27-2026,P-03 Serving Neat and Naked,3,1,0,26.0,P,5,11,0,-69.0,Spring,8
02-27-2026,P-05 Pour Decisions,0,4,0,-18.0,P,3,13,0,-63.0,Spring,9
03-06-2026,P-07 Whiskey Business,3,1,0,27.0,P,15,4,1,128.0,Spring,1
03-06-2026,P-09 Don Julio’s,3,1,0,36.0,P,14,4,2,122.0,Spring,2
03-06-2026,P-08 Baddie baddie shot o’clock,4,0,0,25.0,P,13,7,0,47.0,Spring,3
03-06-2026,P-06 Six on the Beach,0,4,0,-30.0,P,12,8,0,41.0,Spring,4
03-06-2026,P-02 Serve Me Daddy,2,2,0,7.0,P,9,11,0,-23.0,Spring,5
03-06-2026,P-03 Serving Neat and Naked,3,1,0,-6.0,P,8,12,0,-75.0,Spring,6
03-06-2026,P-04 Aperol Spikez,2,2,0,-8.0,P,8,12,0,-76.0,Spring,7
03-06-2026,P-01 Matcha and Serve,1,3,0,-19.0,P,6,13,1,-69.0,Spring,8
03-06-2026,P-05 Pour Decisions,0,4,0,-32.0,P,3,17,0,-95.0,Spring,9
03-20-2026,P-09 Don Julio’s,4,0,0,64.0,P,18,4,2,186.0,Spring,1
03-20-2026,P-07 Whiskey Business,3,1,0,26.0,P,18,5,1,154.0,Spring,2
03-20-2026,P-08 Baddie baddie shot o’clock,3,1,0,1.0,P,16,8,0,48.0,Spring,3
03-20-2026,P-06 Six on the Beach,2,2,0,-17.0,P,14,10,0,24.0,Spring,4
03-20-2026,P-04 Aperol Spikez,2,1,1,8.0,P,10,13,1,-68.0,Spring,5
03-20-2026,P-02 Serve Me Daddy,1,3,0,-9.0,P,10,14,0,-32.0,Spring,6
03-20-2026,P-01 Matcha and Serve,2,2,0,-14.0,P,8,15,1,-83.0,Spring,7
03-20-2026,P-03 Serving Neat and Naked,0,3,1,-9.0,P,8,15,1,-84.0,Spring,8
03-20-2026,P-05 Pour Decisions,0,4,0,-50.0,P,3,21,0,-145.0,Spring,9
03-27-2026,P-09 Don Julio’s,3,1,0,21.0,P,21,5,2,207.0,Spring,1
03-27-2026,P-07 Whiskey Business,3,1,0,58.0,P,21,6,1,212.0,Spring,2
03-27-2026,P-08 Baddie baddie shot o’clock,1,3,0,-12.0,P,17,11,0,36.0,Spring,3
03-27-2026,P-06 Six on the Beach,2,2,0,-2.0,P,16,12,0,22.0,Spring,4
03-27-2026,P-04 Aperol Spikez,2,2,0,-7.0,P,12,15,1,-75.0,Spring,5
03-27-2026,P-03 Serving Neat and Naked,3,1,0,42.0,P,11,16,1,-42.0,Spring,6
03-27-2026,P-01 Matcha and Serve,3,1,0,14.0,P,11,16,1,-69.0,Spring,7
03-27-2026,P-02 Serve Me Daddy,1,3,0,-14.0,P,11,17,0,-46.0,Spring,8
03-27-2026,P-05 Pour Decisions,0,4,0,-100.0,P,3,25,0,-245.0,Spring,9
04-10-2026,P-09 Don Julio’s,2,1,1,-8.0,P,23,6,3,199.0,Spring,1
04-10-2026,P-07 Whiskey Business,2,2,0,13.0,P,23,8,1,225.0,Spring,2
04-10-2026,P-08 Baddie baddie shot o’clock,1,2,1,-5.0,P,18,13,1,31.0,Spring,3
04-10-2026,P-06 Six on the Beach,2,2,0,-2.0,P,18,14,0,20.0,Spring,4
04-10-2026,P-04 Aperol Spikez,3,1,0,15.0,P,15,16,1,-60.0,Spring,5
04-10-2026,P-03 Serving Neat and Naked,3,1,0,12.0,P,14,17,1,-30.0,Spring,6
04-10-2026,P-02 Serve Me Daddy,3,1,0,15.0,P,14,18,0,-31.0,Spring,7
04-10-2026,P-01 Matcha and Serve,0,4,0,-27.0,P,11,20,1,-96.0,Spring,8
04-10-2026,P-05 Pour Decisions,1,3,0,-13.0,P,4,28,0,-258.0,Spring,9
04-17-2026,P-07 Whiskey Business,4,0,0,66.0,P,27,8,1,291.0,Spring,1
04-17-2026,P-09 Don Julio’s,2,2,0,10.0,P,25,8,3,209.0,Spring,2
04-17-2026,P-08 Baddie baddie shot o’clock,4,0,0,64.0,P,22,13,1,95.0,Spring,3
04-17-2026,P-06 Six on the Beach,3,1,0,4.0,P,21,15,0,24.0,Spring,4
04-17-2026,P-04 Aperol Spikez,2,2,0,34.0,P,17,18,1,-26.0,Spring,5
04-17-2026,P-02 Serve Me Daddy,2,2,0,36.0,P,16,20,0,5.0,Spring,6
04-17-2026,P-03 Serving Neat and Naked,1,3,0,-14.0,P,15,20,1,-44.0,Spring,7
04-17-2026,P-01 Matcha and Serve,0,4,0,-100.0,P,11,24,1,-196.0,Spring,8
04-17-2026,P-05 Pour Decisions,0,4,0,-100.0,P,4,32,0,-358.0,Spring,9
04-24-2026,P-07 Whiskey Business,2,2,0,-1.0,P,29,10,1,290.0,Spring,1
04-24-2026,P-09 Don Julio’s,3,1,0,29.0,P,28,9,3,238.0,Spring,2
04-24-2026,P-08 Baddie baddie shot o’clock,4,0,0,29.0,P,26,13,1,124.0,Spring,3
04-24-2026,P-06 Six on the Beach,0,4,0,-20.0,P,21,19,0,4.0,Spring,4
04-24-2026,P-02 Serve Me Daddy,4,0,0,21.0,P,20,20,0,26.0,Spring,5
04-24-2026,P-04 Aperol Spikez,2,2,0,3.0,P,19,20,1,-23.0,Spring,6
04-24-2026,P-03 Serving Neat and Naked,0,4,0,-32.0,P,15,24,1,-76.0,Spring,7
04-24-2026,P-01 Matcha and Serve,3,1,0,-2.0,P,14,25,1,-198.0,Spring,8
04-24-2026,P-05 Pour Decisions,0,4,0,-27.0,P,4,36,0,-385.0,Spring,9
05-01-2026,P-07 Whiskey Business,0,0,0,0.0,P,29,10,1,290.0,Spring,1
05-01-2026,P-09 Don Julio’s,0,0,0,0.0,P,28,9,3,238.0,Spring,2
05-01-2026,P-08 Baddie baddie shot o’clock,0,0,0,0.0,P,26,13,1,124.0,Spring,3
05-01-2026,P-06 Six on the Beach,0,0,0,0.0,P,21,19,0,4.0,Spring,4
05-01-2026,P-02 Serve Me Daddy,0,0,0,0.0,P,20,20,0,26.0,Spring,5
05-01-2026,P-04 Aperol Spikez,0,0,0,0.0,P,19,20,1,-23.0,Spring,6
05-01-2026,P-03 Serving Neat and Naked,0,0,0,0.0,P,15,24,1,-76.0,Spring,7
05-01-2026,P-01 Matcha and Serve,0,0,0,0.0,P,14,25,1,-198.0,Spring,8
05-01-2026,P-05 Pour Decisions,0,0,0,0.0,P,4,36,0,-385.0,Spring,9
01-30-2026,R-07 Blockness Monsters,4,0,0,33.0,R,4,0,0,33.0,Spring,1
01-30-2026,R-06 Pegasets,4,0,0,27.0,R,4,0,0,27.0,Spring,2
01-30-2026,R-02 KrakenBalls,4,0,0,21.0,R,4,0,0,21.0,Spring,3
01-30-2026,R-09 Volley Valkyries,2,2,0,11.0,R,2,2,0,11.0,Spring,4
01-30-2026,R-08 Spikesus,2,2,0,-6.0,R,2,2,0,-6.0,Spring,5
01-30-2026,R-03 Serverus,2,2,0,-12.0,R,2,2,0,-12.0,Spring,6
01-30-2026,R-01 Dragon Slayers,0,4,0,-21.0,R,0,4,0,-21.0,Spring,7
01-30-2026,R-04 Digfoot,0,4,0,-21.0,R,0,4,0,-21.0,Spring,8
01-30-2026,R-05 Blockunawa,0,4,0,-32.0,R,0,4,0,-32.0,Spring,9
02-06-2026,R-02 KrakenBalls,3,1,0,19.0,R,7,1,0,40.0,Spring,1
02-06-2026,R-09 Volley Valkyries,4,0,0,30.0,R,6,2,0,41.0,Spring,2
02-06-2026,R-06 Pegasets,2,2,0,-3.0,R,6,2,0,24.0,Spring,3
02-06-2026,R-08 Spikesus,3,1,0,23.0,R,5,3,0,17.0,Spring,4
02-06-2026,R-07 Blockness Monsters,0,4,0,-27.0,R,4,4,0,6.0,Spring,5
02-06-2026,R-01 Dragon Slayers,3,1,0,17.0,R,3,5,0,-4.0,Spring,6
02-06-2026,R-05 Blockunawa,3,1,0,21.0,R,3,5,0,-11.0,Spring,7
02-06-2026,R-03 Serverus,0,4,0,-38.0,R,2,6,0,-50.0,Spring,8
02-06-2026,R-04 Digfoot,0,4,0,-42.0,R,0,8,0,-63.0,Spring,9
02-20-2026,R-06 Pegasets,4,0,0,43.0,R,10,2,0,67.0,Spring,1
02-20-2026,R-09 Volley Valkyries,3,1,0,13.0,R,9,3,0,54.0,Spring,2
02-20-2026,R-02 KrakenBalls,2,2,0,-1.0,R,9,3,0,39.0,Spring,3
02-20-2026,R-08 Spikesus,3,1,0,24.0,R,8,4,0,41.0,Spring,4
02-20-2026,R-01 Dragon Slayers,2,2,0,3.0,R,5,7,0,-1.0,Spring,5
02-20-2026,R-07 Blockness Monsters,1,3,0,-11.0,R,5,7,0,-5.0,Spring,6
02-20-2026,R-05 Blockunawa,2,2,0,-13.0,R,5,7,0,-24.0,Spring,7
02-20-2026,R-03 Serverus,0,4,0,-42.0,R,2,10,0,-92.0,Spring,8
02-20-2026,R-04 Digfoot,1,3,0,-16.0,R,1,11,0,-79.0,Spring,9
02-27-2026,R-09 Volley Valkyries,4,0,0,41.0,R,13,3,0,95.0,Spring,1
02-27-2026,R-06 Pegasets,3,1,0,26.0,R,13,3,0,93.0,Spring,2
02-27-2026,R-02 KrakenBalls,2,2,0,12.0,R,11,5,0,51.0,Spring,3
02-27-2026,R-08 Spikesus,1,3,0,-19.0,R,9,7,0,22.0,Spring,4
02-27-2026,R-07 Blockness Monsters,2,2,0,-7.0,R,7,9,0,-12.0,Spring,5
02-27-2026,R-05 Blockunawa,2,2,0,-20.0,R,7,9,0,-44.0,Spring,6
02-27-2026,R-01 Dragon Slayers,1,3,0,-6.0,R,6,10,0,-7.0,Spring,7
02-27-2026,R-04 Digfoot,2,2,0,-5.0,R,3,13,0,-84.0,Spring,8
02-27-2026,R-03 Serverus,1,3,0,-22.0,R,3,13,0,-114.0,Spring,9
03-06-2026,R-09 Volley Valkyries,4,0,0,23.0,R,17,3,0,118.0,Spring,1
03-06-2026,R-06 Pegasets,3,1,0,1.0,R,16,4,0,94.0,Spring,2
03-06-2026,R-08 Spikesus,3,1,0,-2.0,R,12,8,0,20.0,Spring,3
03-06-2026,R-02 KrakenBalls,0,4,0,-15.0,R,11,9,0,36.0,Spring,4
03-06-2026,R-05 Blockunawa,3,1,0,17.0,R,10,10,0,-27.0,Spring,5
03-06-2026,R-07 Blockness Monsters,2,2,0,6.0,R,9,11,0,-6.0,Spring,6
03-06-2026,R-01 Dragon Slayers,2,2,0,9.0,R,8,12,0,2.0,Spring,7
03-06-2026,R-03 Serverus,1,3,0,-7.0,R,4,16,0,-121.0,Spring,8
03-06-2026,R-04 Digfoot,0,4,0,-32.0,R,3,17,0,-116.0,Spring,9
03-20-2026,R-09 Volley Valkyries,4,0,0,35.0,R,21,3,0,153.0,Spring,1
03-20-2026,R-06 Pegasets,2,2,0,-2.0,R,18,6,0,92.0,Spring,2
03-20-2026,R-08 Spikesus,2,2,0,-5.0,R,14,10,0,15.0,Spring,3
03-20-2026,R-05 Blockunawa,2,2,0,-1.0,R,12,12,0,-28.0,Spring,4
03-20-2026,R-01 Dragon Slayers,3,1,0,23.0,R,11,13,0,25.0,Spring,5
03-20-2026,R-02 KrakenBalls,0,4,0,-33.0,R,11,13,0,3.0,Spring,6
03-20-2026,R-07 Blockness Monsters,1,3,0,-18.0,R,10,14,0,-24.0,Spring,7
03-20-2026,R-03 Serverus,2,2,0,6.0,R,6,18,0,-115.0,Spring,8
03-20-2026,R-04 Digfoot,2,2,0,-5.0,R,5,19,0,-121.0,Spring,9
03-27-2026,R-09 Volley Valkyries,2,2,0,8.0,R,23,5,0,161.0,Spring,1
03-27-2026,R-06 Pegasets,4,0,0,41.0,R,22,6,0,133.0,Spring,2
03-27-2026,R-08 Spikesus,2,2,0,2.0,R,16,12,0,17.0,Spring,3
03-27-2026,R-01 Dragon Slayers,4,0,0,34.0,R,15,13,0,59.0,Spring,4
03-27-2026,R-05 Blockunawa,2,2,0,2.0,R,14,14,0,-26.0,Spring,5
03-27-2026,R-02 KrakenBalls,1,3,0,-12.0,R,12,16,0,-9.0,Spring,6
03-27-2026,R-07 Blockness Monsters,2,2,0,-10.0,R,12,16,0,-34.0,Spring,7
03-27-2026,R-03 Serverus,1,3,0,-22.0,R,7,21,0,-137.0,Spring,8
03-27-2026,R-04 Digfoot,0,4,0,-43.0,R,5,23,0,-164.0,Spring,9
04-10-2026,R-09 Volley Valkyries,3,1,0,25.0,R,26,6,0,186.0,Spring,1
04-10-2026,R-06 Pegasets,3,1,0,5.0,R,25,7,0,138.0,Spring,2
04-10-2026,R-01 Dragon Slayers,1,3,0,-8.0,R,16,16,0,51.0,Spring,3
04-10-2026,R-08 Spikesus,0,4,0,-30.0,R,16,16,0,-13.0,Spring,4
04-10-2026,R-05 Blockunawa,2,2,0,-1.0,R,16,16,0,-27.0,Spring,5
04-10-2026,R-02 KrakenBalls,3,1,0,9.0,R,15,17,0,0.0,Spring,6
04-10-2026,R-07 Blockness Monsters,3,1,0,27.0,R,15,17,0,-7.0,Spring,7
04-10-2026,R-03 Serverus,1,3,0,-22.0,R,8,24,0,-159.0,Spring,8
04-10-2026,R-04 Digfoot,2,2,0,-5.0,R,7,25,0,-169.0,Spring,9
04-17-2026,R-09 Volley Valkyries,3,1,0,10.0,R,29,7,0,196.0,Spring,1
04-17-2026,R-06 Pegasets,1,3,0,-29.0,R,26,10,0,109.0,Spring,2
04-17-2026,R-01 Dragon Slayers,4,0,0,25.0,R,20,16,0,76.0,Spring,3
04-17-2026,R-02 KrakenBalls,4,0,0,48.0,R,19,17,0,48.0,Spring,4
04-17-2026,R-07 Blockness Monsters,2,2,0,11.0,R,17,19,0,4.0,Spring,5
04-17-2026,R-08 Spikesus,1,3,0,-5.0,R,17,19,0,-18.0,Spring,6
04-17-2026,R-05 Blockunawa,1,3,0,-21.0,R,17,19,0,-48.0,Spring,7
04-17-2026,R-03 Serverus,1,3,0,-20.0,R,9,27,0,-179.0,Spring,8
04-17-2026,R-04 Digfoot,1,3,0,-19.0,R,8,28,0,-188.0,Spring,9
04-24-2026,R-09 Volley Valkyries,3,1,0,34.0,R,32,8,0,230.0,Spring,1
04-24-2026,R-06 Pegasets,3,1,0,12.0,R,29,11,0,121.0,Spring,2
04-24-2026,R-02 KrakenBalls,3,1,0,19.0,R,22,18,0,67.0,Spring,3
04-24-2026,R-01 Dragon Slayers,0,4,0,-16.0,R,20,20,0,60.0,Spring,4
04-24-2026,R-07 Blockness Monsters,3,1,0,4.0,R,20,20,0,8.0,Spring,5
04-24-2026,R-08 Spikesus,3,1,0,-4.0,R,20,20,0,-22.0,Spring,6
04-24-2026,R-05 Blockunawa,3,1,0,16.0,R,20,20,0,-32.0,Spring,7
04-24-2026,R-03 Serverus,0,4,0,-53.0,R,9,31,0,-232.0,Spring,8
04-24-2026,R-04 Digfoot,0,4,0,-12.0,R,8,32,0,-200.0,Spring,9
05-01-2026,R-09 Volley Valkyries,0,0,0,0.0,R,32,8,0,230.0,Spring,1
05-01-2026,R-06 Pegasets,0,0,0,0.0,R,29,11,0,121.0,Spring,2
05-01-2026,R-02 KrakenBalls,0,0,0,0.0,R,22,18,0,67.0,Spring,3
05-01-2026,R-01 Dragon Slayers,0,0,0,0.0,R,20,20,0,60.0,Spring,4
05-01-2026,R-07 Blockness Monsters,0,0,0,0.0,R,20,20,0,8.0,Spring,5
05-01-2026,R-08 Spikesus,0,0,0,0.0,R,20,20,0,-22.0,Spring,6
05-01-2026,R-05 Blockunawa,0,0,0,0.0,R,20,20,0,-32.0,Spring,7
05-01-2026,R-03 Serverus,0,0,0,0.0,R,9,31,0,-232.0,Spring,8
05-01-2026,R-04 Digfoot,0,0,0,0.0,R,8,32,0,-200.0,Spring,9
01-30-2026,S-10 - Count Blockula,4,0,0,45.0,S,4,0,0,45.0,Spring,1
01-30-2026,S-18 - Spike Krispies,4,0,0,16.0,S,4,0,0,16.0,Spring,2
01-30-2026,S-15 - Kanine Krunchies,3,1,0,31.0,S,3,1,0,31.0,Spring,3
01-30-2026,S-09 - Honey Nut Cheeri-Hoes,3,1,0,14.0,S,3,1,0,14.0,Spring,4
01-30-2026,S-04 - Sets With Me,3,1,0,13.0,S,3,1,0,13.0,Spring,5
01-30-2026,S-08 - Cereal Killers,3,1,0,7.0,S,3,1,0,7.0,Spring,6
01-30-2026,S-07 - Heavy Is The Crown,3,1,0,-5.0,S,3,1,0,-5.0,Spring,7
01-30-2026,S-11 - Cap'n C*nt,2,2,0,14.0,S,2,2,0,14.0,Spring,8
01-30-2026,S-06 - Frosted Freaks,2,2,0,11.0,S,2,2,0,11.0,Spring,9
01-30-2026,S-14 - Chex Appeal,2,2,0,8.0,S,2,2,0,8.0,Spring,10
01-30-2026,S-02 - I Write Sets Not Tragedies,2,2,0,1.0,S,2,2,0,1.0,Spring,11
01-30-2026,S-16 - Frosted Tips,2,2,0,-14.0,S,2,2,0,-14.0,Spring,12
01-30-2026,S-01 - Oops I Hit It Again,1,3,0,-15.0,S,1,3,0,-15.0,Spring,13
01-30-2026,S-17 - Honey Bunches of Floats,1,3,0,-21.0,S,1,3,0,-21.0,Spring,14
01-30-2026,S-12 - Anti-Block Heroes,1,3,0,-21.0,S,1,3,0,-21.0,Spring,15
01-30-2026,S-03 - Call Me If You Get Blocked,0,4,0,-26.0,S,0,4,0,-26.0,Spring,16
01-30-2026,"S-05 - My Set, My Quick (Spike It!)",0,4,0,-27.0,S,0,4,0,-27.0,Spring,17
01-30-2026,S-13 - Ace Krispies,0,4,0,-31.0,S,0,4,0,-31.0,Spring,18
02-06-2026,S-10 - Count Blockula,2,2,0,12.0,S,6,2,0,57.0,Spring,1
02-06-2026,S-15 - Kanine Krunchies,3,1,0,19.0,S,6,2,0,50.0,Spring,2
02-06-2026,S-11 - Cap'n C*nt,4,0,0,24.0,S,6,2,0,38.0,Spring,3
02-06-2026,S-16 - Frosted Tips,4,0,0,34.0,S,6,2,0,20.0,Spring,4
02-06-2026,S-07 - Heavy Is The Crown,3,1,0,14.0,S,6,2,0,9.0,Spring,5
02-06-2026,S-09 - Honey Nut Cheeri-Hoes,2,2,0,14.0,S,5,3,0,28.0,Spring,6
02-06-2026,S-04 - Sets With Me,2,2,0,-2.0,S,5,3,0,11.0,Spring,7
02-06-2026,S-18 - Spike Krispies,1,3,0,-8.0,S,5,3,0,8.0,Spring,8
02-06-2026,S-08 - Cereal Killers,2,2,0,-7.0,S,5,3,0,0.0,Spring,9
02-06-2026,S-12 - Anti-Block Heroes,3,1,0,13.0,S,4,4,0,-8.0,Spring,10
02-06-2026,S-02 - I Write Sets Not Tragedies,2,2,0,-10.0,S,4,4,0,-9.0,Spring,11
02-06-2026,S-06 - Frosted Freaks,1,3,0,-10.0,S,3,5,0,1.0,Spring,12
02-06-2026,S-14 - Chex Appeal,1,3,0,-14.0,S,3,5,0,-6.0,Spring,13
02-06-2026,S-01 - Oops I Hit It Again,1,3,0,-14.0,S,2,6,0,-29.0,Spring,14
02-06-2026,S-13 - Ace Krispies,2,2,0,-6.0,S,2,6,0,-37.0,Spring,15
02-06-2026,S-17 - Honey Bunches of Floats,1,3,0,-27.0,S,2,6,0,-48.0,Spring,16
02-06-2026,"S-05 - My Set, My Quick (Spike It!)",1,3,0,-12.0,S,1,7,0,-39.0,Spring,17
02-06-2026,S-03 - Call Me If You Get Blocked,1,3,0,-20.0,S,1,7,0,-46.0,Spring,18
02-20-2026,S-15 - Kanine Krunchies,3,1,0,14.0,S,9,3,0,64.0,Spring,1
02-20-2026,S-04 - Sets With Me,4,0,0,28.0,S,9,3,0,39.0,Spring,2
02-20-2026,S-07 - Heavy Is The Crown,3,1,0,24.0,S,9,3,0,33.0,Spring,3
02-20-2026,S-10 - Count Blockula,2,2,0,-7.0,S,8,4,0,50.0,Spring,4
02-20-2026,S-02 - I Write Sets Not Tragedies,4,0,0,32.0,S,8,4,0,23.0,Spring,5
02-20-2026,S-18 - Spike Krispies,3,1,0,4.0,S,8,4,0,12.0,Spring,6
02-20-2026,S-11 - Cap'n C*nt,1,3,0,-7.0,S,7,5,0,31.0,Spring,7
02-20-2026,S-16 - Frosted Tips,1,3,0,-7.0,S,7,5,0,13.0,Spring,8
02-20-2026,S-09 - Honey Nut Cheeri-Hoes,1,3,0,-21.0,S,6,6,0,7.0,Spring,9
02-20-2026,S-08 - Cereal Killers,1,3,0,-8.0,S,6,6,0,-8.0,Spring,10
02-20-2026,S-14 - Chex Appeal,2,2,0,4.0,S,5,7,0,-2.0,Spring,11
02-20-2026,S-06 - Frosted Freaks,2,2,0,-10.0,S,5,7,0,-9.0,Spring,12
02-20-2026,S-01 - Oops I Hit It Again,3,1,0,18.0,S,5,7,0,-11.0,Spring,13
02-20-2026,S-13 - Ace Krispies,3,1,0,-2.0,S,5,7,0,-39.0,Spring,14
02-20-2026,S-12 - Anti-Block Heroes,0,4,0,-16.0,S,4,8,0,-24.0,Spring,15
02-20-2026,"S-05 - My Set, My Quick (Spike It!)",2,2,0,-4.0,S,3,9,0,-43.0,Spring,16
02-20-2026,S-17 - Honey Bunches of Floats,1,3,0,-14.0,S,3,9,0,-62.0,Spring,17
02-20-2026,S-03 - Call Me If You Get Blocked,0,4,0,-28.0,S,1,11,0,-74.0,Spring,18
02-27-2026,S-07 - Heavy Is The Crown,3,1,0,17.0,S,12,4,0,50.0,Spring,1
02-27-2026,S-04 - Sets With Me,3,1,0,6.0,S,12,4,0,45.0,Spring,2
02-27-2026,S-02 - I Write Sets Not Tragedies,4,0,0,12.0,S,12,4,0,35.0,Spring,3
02-27-2026,S-15 - Kanine Krunchies,2,2,0,1.0,S,11,5,0,65.0,Spring,4
02-27-2026,S-10 - Count Blockula,3,1,0,13.0,S,11,5,0,63.0,Spring,5
02-27-2026,S-16 - Frosted Tips,3,1,0,9.0,S,10,6,0,22.0,Spring,6
02-27-2026,S-11 - Cap'n C*nt,2,2,0,-6.0,S,9,7,0,25.0,Spring,7
02-27-2026,S-18 - Spike Krispies,1,3,0,-15.0,S,9,7,0,-3.0,Spring,8
02-27-2026,S-01 - Oops I Hit It Again,3,1,0,21.0,S,8,8,0,10.0,Spring,9
02-27-2026,S-08 - Cereal Killers,2,2,0,-12.0,S,8,8,0,-20.0,Spring,10
02-27-2026,S-09 - Honey Nut Cheeri-Hoes,1,3,0,-5.0,S,7,9,0,2.0,Spring,11
02-27-2026,S-12 - Anti-Block Heroes,2,2,0,13.0,S,6,10,0,-11.0,Spring,12
02-27-2026,S-14 - Chex Appeal,1,3,0,-26.0,S,6,10,0,-28.0,Spring,13
02-27-2026,S-13 - Ace Krispies,1,3,0,-12.0,S,6,10,0,-51.0,Spring,14
02-27-2026,S-06 - Frosted Freaks,0,4,0,-13.0,S,5,11,0,-22.0,Spring,15
02-27-2026,"S-05 - My Set, My Quick (Spike It!)",2,2,0,6.0,S,5,11,0,-37.0,Spring,16
02-27-2026,S-17 - Honey Bunches of Floats,1,3,0,-15.0,S,4,12,0,-77.0,Spring,17
02-27-2026,S-03 - Call Me If You Get Blocked,2,2,0,6.0,S,3,13,0,-68.0,Spring,18
03-06-2026,S-15 - Kanine Krunchies,4,0,0,31.0,S,15,5,0,96.0,Spring,1
03-06-2026,S-10 - Count Blockula,3,1,0,33.0,S,14,6,0,96.0,Spring,2
03-06-2026,S-02 - I Write Sets Not Tragedies,2,2,0,7.0,S,14,6,0,42.0,Spring,3
03-06-2026,S-04 - Sets With Me,2,2,0,-8.0,S,14,6,0,37.0,Spring,4
03-06-2026,S-11 - Cap'n C*nt,4,0,0,36.0,S,13,7,0,61.0,Spring,5
03-06-2026,S-07 - Heavy Is The Crown,0,4,0,-19.0,S,12,8,0,31.0,Spring,6
03-06-2026,S-16 - Frosted Tips,1,3,0,-12.0,S,11,9,0,10.0,Spring,7
03-06-2026,S-01 - Oops I Hit It Again,3,1,0,-8.0,S,11,9,0,2.0,Spring,8
03-06-2026,S-08 - Cereal Killers,3,1,0,21.0,S,11,9,0,1.0,Spring,9
03-06-2026,S-12 - Anti-Block Heroes,4,0,0,27.0,S,10,10,0,16.0,Spring,10
03-06-2026,S-18 - Spike Krispies,0,4,0,-24.0,S,9,11,0,-27.0,Spring,11
03-06-2026,S-13 - Ace Krispies,2,1,1,-3.0,S,8,11,1,-54.0,Spring,12
03-06-2026,S-14 - Chex Appeal,1,2,1,-4.0,S,7,12,1,-32.0,Spring,13
03-06-2026,S-09 - Honey Nut Cheeri-Hoes,0,4,0,-31.0,S,7,13,0,-29.0,Spring,14
03-06-2026,S-06 - Frosted Freaks,2,2,0,-9.0,S,7,13,0,-31.0,Spring,15
03-06-2026,S-17 - Honey Bunches of Floats,2,2,0,-7.0,S,6,14,0,-84.0,Spring,16
03-06-2026,"S-05 - My Set, My Quick (Spike It!)",0,4,0,-25.0,S,5,15,0,-62.0,Spring,17
03-06-2026,S-03 - Call Me If You Get Blocked,2,2,0,-5.0,S,5,15,0,-73.0,Spring,18
03-20-2026,S-15 - Kanine Krunchies,4,0,0,38.0,S,19,5,0,134.0,Spring,1
03-20-2026,S-10 - Count Blockula,4,0,0,20.0,S,18,6,0,116.0,Spring,2
03-20-2026,S-02 - I Write Sets Not Tragedies,4,0,0,14.0,S,18,6,0,56.0,Spring,3
03-20-2026,S-04 - Sets With Me,3,1,0,10.0,S,17,7,0,47.0,Spring,4
03-20-2026,S-11 - Cap'n C*nt,2,2,0,24.0,S,15,9,0,85.0,Spring,5
03-20-2026,S-07 - Heavy Is The Crown,2,2,0,0.0,S,14,10,0,31.0,Spring,6
03-20-2026,S-12 - Anti-Block Heroes,3,1,0,47.0,S,13,11,0,63.0,Spring,7
03-20-2026,S-18 - Spike Krispies,3,1,0,53.0,S,12,12,0,26.0,Spring,8
03-20-2026,S-01 - Oops I Hit It Again,1,3,0,-10.0,S,12,12,0,-8.0,Spring,9
03-20-2026,S-08 - Cereal Killers,0,4,0,-20.0,S,11,13,0,-19.0,Spring,10
03-20-2026,S-16 - Frosted Tips,0,4,0,-100.0,S,11,13,0,-90.0,Spring,11
03-20-2026,S-06 - Frosted Freaks,2,2,0,0.0,S,9,15,0,-31.0,Spring,12
03-20-2026,S-09 - Honey Nut Cheeri-Hoes,2,2,0,-6.0,S,9,15,0,-35.0,Spring,13
03-20-2026,S-14 - Chex Appeal,1,3,0,-13.0,S,8,15,1,-45.0,Spring,14
03-20-2026,S-13 - Ace Krispies,0,4,0,-32.0,S,8,15,1,-86.0,Spring,15
03-20-2026,"S-05 - My Set, My Quick (Spike It!)",3,1,0,13.0,S,8,16,0,-49.0,Spring,16
03-20-2026,S-03 - Call Me If You Get Blocked,2,2,0,0.0,S,7,17,0,-73.0,Spring,17
03-20-2026,S-17 - Honey Bunches of Floats,0,4,0,-38.0,S,6,18,0,-122.0,Spring,18
03-27-2026,S-15 - Kanine Krunchies,4,0,0,34.0,S,23,5,0,168.0,Spring,1
03-27-2026,S-10 - Count Blockula,3,1,0,9.0,S,21,7,0,125.0,Spring,2
03-27-2026,S-02 - I Write Sets Not Tragedies,3,1,0,20.0,S,21,7,0,76.0,Spring,3
03-27-2026,S-11 - Cap'n C*nt,2,2,0,2.0,S,17,11,0,87.0,Spring,4
03-27-2026,S-04 - Sets With Me,0,4,0,-28.0,S,17,11,0,19.0,Spring,5
03-27-2026,S-07 - Heavy Is The Crown,2,2,0,6.0,S,16,12,0,37.0,Spring,6
03-27-2026,S-18 - Spike Krispies,3,1,0,27.0,S,15,13,0,53.0,Spring,7
03-27-2026,S-08 - Cereal Killers,3,1,0,15.0,S,14,14,0,-4.0,Spring,8
03-27-2026,S-01 - Oops I Hit It Again,1,2,1,-5.0,S,13,14,1,-13.0,Spring,9
03-27-2026,S-12 - Anti-Block Heroes,0,4,0,-35.0,S,13,15,0,28.0,Spring,10
03-27-2026,S-16 - Frosted Tips,2,2,0,-6.0,S,13,15,0,-96.0,Spring,11
03-27-2026,S-13 - Ace Krispies,3,1,0,14.0,S,11,16,1,-72.0,Spring,12
03-27-2026,S-03 - Call Me If You Get Blocked,4,0,0,22.0,S,11,17,0,-51.0,Spring,13
03-27-2026,S-09 - Honey Nut Cheeri-Hoes,1,3,0,-9.0,S,10,18,0,-44.0,Spring,14
03-27-2026,S-06 - Frosted Freaks,1,3,0,-15.0,S,10,18,0,-46.0,Spring,15
03-27-2026,S-14 - Chex Appeal,1,3,0,-13.0,S,9,18,1,-58.0,Spring,16
03-27-2026,"S-05 - My Set, My Quick (Spike It!)",1,3,0,-16.0,S,9,19,0,-65.0,Spring,17
03-27-2026,S-17 - Honey Bunches of Floats,1,2,1,-22.0,S,7,20,1,-144.0,Spring,18
04-10-2026,S-15 - Kanine Krunchies,4,0,0,30.0,S,27,5,0,198.0,Spring,1
04-10-2026,S-02 - I Write Sets Not Tragedies,3,1,0,0.0,S,24,8,0,76.0,Spring,2
04-10-2026,S-10 - Count Blockula,2,2,0,7.0,S,23,9,0,132.0,Spring,3
04-10-2026,S-04 - Sets With Me,3,1,0,16.0,S,20,12,0,35.0,Spring,4
04-10-2026,S-11 - Cap'n C*nt,2,2,0,8.0,S,19,13,0,95.0,Spring,5
04-10-2026,S-07 - Heavy Is The Crown,2,2,0,6.0,S,18,14,0,43.0,Spring,6
04-10-2026,S-18 - Spike Krispies,2,2,0,10.0,S,17,15,0,63.0,Spring,7
04-10-2026,S-01 - Oops I Hit It Again,2,2,0,-7.0,S,15,16,1,-20.0,Spring,8
04-10-2026,S-08 - Cereal Killers,1,3,0,-9.0,S,15,17,0,-13.0,Spring,9
04-10-2026,S-16 - Frosted Tips,2,2,0,-14.0,S,15,17,0,-110.0,Spring,10
04-10-2026,S-12 - Anti-Block Heroes,0,4,0,-29.0,S,13,19,0,-1.0,Spring,11
04-10-2026,S-09 - Honey Nut Cheeri-Hoes,3,1,0,11.0,S,13,19,0,-33.0,Spring,12
04-10-2026,S-03 - Call Me If You Get Blocked,2,2,0,-5.0,S,13,19,0,-56.0,Spring,13
04-10-2026,S-13 - Ace Krispies,1,3,0,-14.0,S,12,19,1,-86.0,Spring,14
04-10-2026,S-06 - Frosted Freaks,2,2,0,3.0,S,12,20,0,-43.0,Spring,15
04-10-2026,"S-05 - My Set, My Quick (Spike It!)",2,2,0,-1.0,S,11,21,0,-66.0,Spring,16
04-10-2026,S-14 - Chex Appeal,1,3,0,-10.0,S,10,21,1,-68.0,Spring,17
04-10-2026,S-17 - Honey Bunches of Floats,2,2,0,-2.0,S,9,22,1,-146.0,Spring,18
04-17-2026,S-15 - Kanine Krunchies,2,1,1,14.0,S,29,6,1,212.0,Spring,1
04-17-2026,S-02 - I Write Sets Not Tragedies,4,0,0,21.0,S,28,8,0,97.0,Spring,2
04-17-2026,S-10 - Count Blockula,3,0,1,25.0,S,26,9,1,157.0,Spring,3
04-17-2026,S-04 - Sets With Me,3,1,0,24.0,S,23,13,0,59.0,Spring,4
04-17-2026,S-11 - Cap'n C*nt,3,1,0,19.0,S,22,14,0,114.0,Spring,5
04-17-2026,S-07 - Heavy Is The Crown,1,3,0,-16.0,S,19,17,0,27.0,Spring,6
04-17-2026,S-18 - Spike Krispies,1,3,0,-14.0,S,18,18,0,49.0,Spring,7
04-17-2026,S-08 - Cereal Killers,3,1,0,10.0,S,18,18,0,-3.0,Spring,8
04-17-2026,S-01 - Oops I Hit It Again,2,2,0,6.0,S,17,18,1,-14.0,Spring,9
04-17-2026,S-16 - Frosted Tips,2,2,0,-1.0,S,17,19,0,-111.0,Spring,10
04-17-2026,S-12 - Anti-Block Heroes,3,1,0,4.0,S,16,20,0,3.0,Spring,11
04-17-2026,S-09 - Honey Nut Cheeri-Hoes,2,2,0,9.0,S,15,21,0,-24.0,Spring,12
04-17-2026,S-03 - Call Me If You Get Blocked,2,2,0,-10.0,S,15,21,0,-66.0,Spring,13
04-17-2026,S-06 - Frosted Freaks,2,2,0,11.0,S,14,22,0,-32.0,Spring,14
04-17-2026,S-13 - Ace Krispies,1,3,0,-30.0,S,13,22,1,-116.0,Spring,15
04-17-2026,S-14 - Chex Appeal,1,3,0,-3.0,S,11,24,1,-71.0,Spring,16
04-17-2026,"S-05 - My Set, My Quick (Spike It!)",0,4,0,-30.0,S,11,25,0,-96.0,Spring,17
04-17-2026,S-17 - Honey Bunches of Floats,0,4,0,-39.0,S,9,26,1,-185.0,Spring,18
04-24-2026,S-15 - Kanine Krunchies,4,0,0,37.0,S,33,6,1,249.0,Spring,1
04-24-2026,S-10 - Count Blockula,4,0,0,26.0,S,30,9,1,183.0,Spring,2
04-24-2026,S-02 - I Write Sets Not Tragedies,1,3,0,-17.0,S,29,11,0,80.0,Spring,3
04-24-2026,S-11 - Cap'n C*nt,3,1,0,24.0,S,25,15,0,138.0,Spring,4
04-24-2026,S-04 - Sets With Me,1,3,0,-9.0,S,24,16,0,50.0,Spring,5
04-24-2026,S-07 - Heavy Is The Crown,2,2,0,-4.0,S,21,19,0,23.0,Spring,6
04-24-2026,S-16 - Frosted Tips,3,1,0,14.0,S,20,20,0,-97.0,Spring,7
04-24-2026,S-01 - Oops I Hit It Again,2,2,0,4.0,S,19,20,1,-10.0,Spring,8
04-24-2026,S-18 - Spike Krispies,1,3,0,-10.0,S,19,21,0,39.0,Spring,9
04-24-2026,S-12 - Anti-Block Heroes,3,1,0,18.0,S,19,21,0,21.0,Spring,10
04-24-2026,S-08 - Cereal Killers,1,3,0,-11.0,S,19,21,0,-14.0,Spring,11
04-24-2026,S-03 - Call Me If You Get Blocked,2,2,0,-5.0,S,17,23,0,-71.0,Spring,12
04-24-2026,S-09 - Honey Nut Cheeri-Hoes,1,3,0,-2.0,S,16,24,0,-26.0,Spring,13
04-24-2026,S-06 - Frosted Freaks,2,2,0,1.0,S,16,24,0,-31.0,Spring,14
04-24-2026,"S-05 - My Set, My Quick (Spike It!)",4,0,0,12.0,S,15,25,0,-84.0,Spring,15
04-24-2026,S-13 - Ace Krispies,1,3,0,-26.0,S,14,25,1,-142.0,Spring,16
04-24-2026,S-14 - Chex Appeal,0,4,0,-38.0,S,11,28,1,-109.0,Spring,17
04-24-2026,S-17 - Honey Bunches of Floats,1,3,0,-14.0,S,10,29,1,-199.0,Spring,18
05-01-2026,S-15 - Kanine Krunchies,0,0,0,0.0,S,33,6,1,249.0,Spring,1
05-01-2026,S-10 - Count Blockula,0,0,0,0.0,S,30,9,1,183.0,Spring,2
05-01-2026,S-02 - I Write Sets Not Tragedies,0,0,0,0.0,S,29,11,0,80.0,Spring,3
05-01-2026,S-11 - Cap'n C*nt,0,0,0,0.0,S,25,15,0,138.0,Spring,4
05-01-2026,S-04 - Sets With Me,0,0,0,0.0,S,24,16,0,50.0,Spring,5
05-01-2026,S-07 - Heavy Is The Crown,0,0,0,0.0,S,21,19,0,23.0,Spring,6
05-01-2026,S-16 - Frosted Tips,0,0,0,0.0,S,20,20,0,-97.0,Spring,7
05-01-2026,S-01 - Oops I Hit It Again,0,0,0,0.0,S,19,20,1,-10.0,Spring,8
05-01-2026,S-18 - Spike Krispies,0,0,0,0.0,S,19,21,0,39.0,Spring,9
05-01-2026,S-12 - Anti-Block Heroes,0,0,0,0.0,S,19,21,0,21.0,Spring,10
05-01-2026,S-08 - Cereal Killers,0,0,0,0.0,S,19,21,0,-14.0,Spring,11
05-01-2026,S-03 - Call Me If You Get Blocked,0,0,0,0.0,S,17,23,0,-71.0,Spring,12
05-01-2026,S-09 - Honey Nut Cheeri-Hoes,0,0,0,0.0,S,16,24,0,-26.0,Spring,13
05-01-2026,S-06 - Frosted Freaks,0,0,0,0.0,S,16,24,0,-31.0,Spring,14
05-01-2026,"S-05 - My Set, My Quick (Spike It!)",0,0,0,0.0,S,15,25,0,-84.0,Spring,15
05-01-2026,S-13 - Ace Krispies,0,0,0,0.0,S,14,25,1,-142.0,Spring,16
05-01-2026,S-14 - Chex Appeal,0,0,0,0.0,S,11,28,1,-109.0,Spring,17
05-01-2026,S-17 - Honey Bunches of Floats,0,0,0,0.0,S,10,29,1,-199.0,Spring,18
